CustomerID,NumberOfOrders,TotalQuantity,TotalSpending,AverageOrderValue,KMeans_Cluster,Hierarchical_Cluster,DBSCAN_Cluster
12346.0,1,74215,77183.6,77183.6,1,2,-1
12347.0,7,2458,4310.0,615.7142857142857,0,0,0
12348.0,4,2341,1797.24,449.31,0,0,0
12349.0,1,631,1757.55,1757.55,0,0,0
12350.0,1,197,334.4,334.4,0,0,0
12352.0,8,536,2506.04,313.255,0,0,0
12353.0,1,20,89.0,89.0,0,0,0
12354.0,1,530,1079.4,1079.4,0,0,0
12355.0,1,240,459.4,459.4,0,0,0
12356.0,3,1591,2811.43,937.1433333333333,0,0,0
12357.0,1,2708,6207.67,6207.67,0,0,-1
12358.0,2,248,1168.06,584.03,0,0,0
12359.0,4,1609,6310.03,1577.5075,0,0,0
12360.0,3,1165,2662.06,887.3533333333334,0,0,0
12361.0,1,91,189.9,189.9,0,0,0
12362.0,10,2229,5226.23,522.6229999999999,0,0,0
12363.0,2,408,552.0,276.0,0,0,0
12364.0,4,1506,1313.1,328.275,0,0,0
12365.0,2,174,641.38,320.69,0,0,0
12367.0,1,173,168.9,168.9,0,0,0
12370.0,4,2352,3541.94,885.485,0,0,0
12371.0,2,591,1887.96,943.98,0,0,0
12372.0,3,794,1298.04,432.68,0,0,0
12373.0,1,197,364.6,364.6,0,0,0
12374.0,1,342,742.9300000000001,742.9300000000001,0,0,0
12375.0,2,178,457.5,228.75,0,0,0
12377.0,2,944,1628.12,814.06,0,0,0
12378.0,1,2529,4008.62,4008.62,0,0,-1
12379.0,2,407,852.24,426.12,0,0,0
12380.0,4,1127,2724.81,681.2025,0,0,0
12381.0,5,808,1845.31,369.062,0,0,0
12383.0,5,1532,1850.56,370.11199999999997,0,0,0
12384.0,2,126,585.27,292.635,0,0,0
12386.0,2,354,401.9,200.95,0,0,0
12388.0,6,1462,2780.66,463.4433333333333,0,0,0
12390.0,1,353,549.84,549.84,0,0,0
12391.0,1,293,439.66,439.66,0,0,0
12393.0,4,816,1582.6000000000001,395.65000000000003,0,0,0
12394.0,2,819,1272.48,636.24,0,0,0
12395.0,12,2118,3018.63,251.5525,0,0,0
12397.0,2,1263,2409.9,1204.95,0,0,0
12398.0,1,1394,1635.6599999999999,1635.6599999999999,0,0,0
12399.0,4,1178,1108.65,277.1625,0,0,0
12401.0,1,11,84.3,84.3,0,0,0
12402.0,1,94,225.6,225.6,0,0,0
12403.0,1,96,427.7,427.7,0,0,0
12405.0,1,857,1710.39,1710.39,0,0,0
12406.0,2,1818,3415.3,1707.65,0,0,0
12407.0,5,1416,1708.1200000000001,341.624,0,0,0
12408.0,5,1409,2888.55,577.71,0,0,0
12409.0,3,5551,11072.67,3690.89,0,0,-1
12410.0,2,211,693.3299999999999,346.66499999999996,0,0,0
12412.0,3,829,1226.88,408.96000000000004,0,0,0
12413.0,3,286,758.1,252.70000000000002,0,0,0
12414.0,3,300,562.41,187.47,0,0,0
12415.0,21,77374,124914.53,5948.310952380953,3,1,-1
12417.0,9,1552,3649.1,405.4555555555555,0,0,0
12418.0,1,407,668.58,668.58,0,0,0
12420.0,1,345,600.39,600.39,0,0,0
12421.0,4,484,807.04,201.76,0,0,0
12422.0,3,370,803.5600000000001,267.85333333333335,0,0,0
12423.0,8,1339,1859.31,232.41375,0,0,0
12424.0,2,740,1760.96,880.48,0,0,0
12425.0,1,496,777.2,777.2,0,0,0
12426.0,1,258,582.73,582.73,0,0,0
12427.0,3,533,825.8,275.26666666666665,0,0,0
12428.0,9,3536,7956.46,884.0511111111111,0,0,0
12429.0,4,1557,3750.4,937.6,0,0,0
12430.0,1,117,256.4,256.4,0,0,0
12431.0,15,2896,6419.95,427.99666666666667,0,0,0
12432.0,5,1801,5059.32,1011.8639999999999,0,0,0
12433.0,7,11071,13375.87,1910.8385714285716,0,0,-1
12434.0,2,394,806.14,403.07,0,0,0
12435.0,2,2055,7829.89,3914.945,0,0,-1
12436.0,1,211,509.01,509.01,0,0,0
12437.0,18,2922,4951.41,275.0783333333333,0,0,0
12438.0,2,1180,2906.85,1453.425,0,0,0
12441.0,1,121,173.55,173.55,0,0,0
12442.0,1,182,172.06,172.06,0,0,0
12444.0,5,1153,5005.46,1001.092,0,0,0
12445.0,1,62,133.4,133.4,0,0,0
12446.0,1,351,1002.3100000000001,1002.3100000000001,0,0,0
12447.0,1,190,476.49,476.49,0,0,0
12448.0,1,243,449.45,449.45,0,0,0
12449.0,4,1553,4067.29,1016.8225,0,0,0
12450.0,2,128,197.88,98.94,0,0,0
12451.0,5,6575,9035.52,1807.104,0,0,0
12452.0,2,185,430.57,215.285,0,0,0
12453.0,1,473,707.09,707.09,0,0,0
12454.0,1,1006,3528.34,3528.34,0,0,0
12455.0,6,2089,2466.86,411.1433333333334,0,0,0
12456.0,3,1633,3181.04,1060.3466666666666,0,0,0
12457.0,7,843,2363.23,337.6042857142857,0,0,0
12458.0,2,506,947.4,473.7,0,0,0
12461.0,2,287,826.88,413.44,0,0,0
12462.0,2,536,1189.59,594.795,0,0,0
12463.0,4,776,1344.78,336.195,0,0,0
12464.0,8,112,1212.05,151.50625,0,0,0
12465.0,2,479,742.1899999999999,371.09499999999997,0,0,0
12468.0,2,366,729.5400000000001,364.77000000000004,0,0,0
12471.0,30,8200,19788.65,659.6216666666667,2,0,1
12472.0,7,4148,6572.11,938.8728571428571,0,0,0
12473.0,5,2414,3928.0499999999997,785.6099999999999,0,0,0
12474.0,18,4833,7324.09,406.8938888888889,0,0,0
12475.0,1,535,723.38,723.38,0,0,0
12476.0,11,2408,6816.42,619.6745454545454,0,0,0
12477.0,6,3653,13219.74,2203.29,0,0,0
12478.0,1,236,680.99,680.99,0,0,0
12479.0,1,385,527.2,527.2,0,0,0
12480.0,4,1707,3281.63,820.4075,0,0,0
12481.0,10,3294,5579.82,557.982,0,0,0
12483.0,8,1110,2484.98,310.6225,0,0,0
12484.0,6,2187,4527.32,754.5533333333333,0,0,0
12488.0,3,529,1298.66,432.8866666666667,0,0,0
12489.0,1,105,334.93,334.93,0,0,0
12490.0,10,3064,5417.93,541.793,0,0,0
12491.0,1,260,460.40000000000003,460.40000000000003,0,0,0
12492.0,2,192,263.21000000000004,131.60500000000002,0,0,0
12493.0,2,207,433.74,216.87,0,0,0
12494.0,7,707,1246.1000000000001,178.01428571428573,0,0,0
12497.0,1,1236,1043.1,1043.1,0,0,0
12498.0,3,159,403.70000000000005,134.5666666666667,0,0,0
12500.0,11,2678,4257.82,387.07454545454544,0,0,0
12501.0,1,1783,2169.39,2169.39,0,0,0
12502.0,5,820,3723.87,744.774,0,0,0
12504.0,2,90,482.04999999999995,241.02499999999998,0,0,0
12506.0,1,23,73.5,73.5,0,0,0
12507.0,3,894,1304.81,434.93666666666667,0,0,0
12508.0,2,271,397.88,198.94,0,0,0
12509.0,1,55,176.5,176.5,0,0,0
12510.0,2,353,982.5699999999999,491.28499999999997,0,0,0
12512.0,2,96,132.18,66.09,0,0,0
12513.0,1,462,612.29,612.29,0,0,0
12514.0,1,440,1017.68,1017.68,0,0,0
12515.0,1,131,383.7,383.7,0,0,0
12516.0,2,875,1312.06,656.03,0,0,0
12517.0,5,1361,2481.6,496.32,0,0,0
12518.0,5,1318,2056.89,411.378,0,0,0
12519.0,1,175,330.84,330.84,0,0,0
12520.0,5,1439,2634.26,526.8520000000001,0,0,0
12521.0,1,309,599.68,599.68,0,0,0
12522.0,2,194,192.72,96.36,0,0,0
12523.0,11,865,1789.77,162.70636363636365,0,0,0
12524.0,8,3699,4485.72,560.715,0,0,0
12526.0,3,632,1316.66,438.8866666666667,0,0,0
12527.0,3,234,348.71000000000004,116.23666666666668,0,0,0
12528.0,6,756,1933.48,322.24666666666667,0,0,0
12530.0,4,913,1662.28,415.57,0,0,0
12531.0,1,45,125.22,125.22,0,0,0
12532.0,1,153,349.83000000000004,349.83000000000004,0,0,0
12534.0,1,651,1089.18,1089.18,0,0,0
12535.0,2,219,716.35,358.175,0,0,0
12536.0,3,2803,12601.830000000002,4200.610000000001,0,0,-1
12538.0,1,191,363.95,363.95,0,0,0
12539.0,4,2067,5568.35,1392.0875,0,0,0
12540.0,17,6685,13400.24,788.2494117647059,0,0,0
12541.0,3,680,981.18,327.06,0,0,0
12544.0,1,136,372.7,372.7,0,0,0
12545.0,2,523,1000.39,500.195,0,0,0
12546.0,2,633,1161.5,580.75,0,0,0
12547.0,2,134,207.79999999999998,103.89999999999999,0,0,0
12548.0,1,49,95.19999999999999,95.19999999999999,0,0,0
12550.0,1,569,964.83,964.83,0,0,0
12551.0,1,100,168.0,168.0,0,0,0
12552.0,2,88,437.82,218.91,0,0,0
12553.0,10,1965,3692.28,369.228,0,0,0
12556.0,2,355,599.56,299.78,0,0,0
12557.0,5,4384,11990.960000000001,2398.192,0,0,0
12558.0,1,196,269.96,269.96,0,0,0
12559.0,2,283,561.71,280.855,0,0,0
12560.0,3,1110,2134.01,711.3366666666667,0,0,0
12561.0,1,177,238.85,238.85,0,0,0
12562.0,7,1779,3781.7400000000002,540.2485714285715,0,0,0
12564.0,1,133,456.9,456.9,0,0,0
12565.0,1,80,145.92,145.92,0,0,0
12566.0,1,265,351.65,351.65,0,0,0
12567.0,10,4305,9401.28,940.128,0,0,0
12569.0,32,1801,4124.69,128.8965625,0,0,-1
12571.0,2,523,519.61,259.805,0,0,0
12572.0,2,452,1020.42,510.21,0,0,0
12573.0,1,84,160.54000000000002,160.54000000000002,0,0,0
12574.0,1,61,218.45,218.45,0,0,0
12576.0,5,967,1315.83,263.166,0,0,0
12577.0,3,469,626.6,208.86666666666667,0,0,0
12578.0,2,1196,2794.51,1397.255,0,0,0
12579.0,1,285,440.42,440.42,0,0,0
12580.0,1,238,415.7,415.7,0,0,0
12581.0,1,161,197.71,197.71,0,0,0
12582.0,2,300,511.36,255.68,0,0,0
12583.0,15,5060,7281.38,485.42533333333336,0,0,0
12584.0,9,416,2338.15,259.7944444444445,0,0,0
12585.0,2,1279,2040.1,1020.05,0,0,0
12586.0,1,79,196.94000000000003,196.94000000000003,0,0,0
12587.0,1,51,144.0,144.0,0,0,0
12588.0,1,53,214.89999999999998,214.89999999999998,0,0,0
12589.0,2,306,646.68,323.34,0,0,0
12590.0,2,4283,9864.26,4932.13,0,0,-1
12591.0,1,228,452.84999999999997,452.84999999999997,0,0,0
12592.0,2,290,437.6,218.8,0,0,0
12593.0,3,206,418.09999999999997,139.36666666666665,0,0,0
12594.0,10,1777,3338.2200000000003,333.822,0,0,0
12596.0,2,474,618.27,309.135,0,0,0
12597.0,4,2236,3811.22,952.805,0,0,0
12598.0,8,1964,3023.08,377.885,0,0,0
12599.0,7,956,1032.58,147.51142857142855,0,0,0
12600.0,10,774,2599.04,259.904,0,0,0
12601.0,5,245,577.0600000000001,115.412,0,0,0
12602.0,1,162,153.12,153.12,0,0,0
12603.0,1,63,739.1999999999999,739.1999999999999,0,0,0
12604.0,2,201,254.18,127.09,0,0,0
12607.0,1,1228,1579.51,1579.51,0,0,0
12609.0,3,648,1126.85,375.6166666666666,0,0,0
12610.0,5,1049,2099.54,419.908,0,0,0
12611.0,1,846,1193.32,1193.32,0,0,0
12612.0,1,262,704.0400000000001,704.0400000000001,0,0,0
12613.0,5,1644,3344.38,668.876,0,0,0
12614.0,1,76,315.6,315.6,0,0,0
12615.0,4,1376,2291.19,572.7975,0,0,0
12616.0,2,284,713.3,356.65,0,0,0
12617.0,1,210,352.98,352.98,0,0,0
12618.0,1,96,177.31,177.31,0,0,0
12619.0,9,3378,3641.24,404.5822222222222,0,0,0
12620.0,3,1181,1339.41,446.47,0,0,0
12621.0,20,7440,13689.67,684.4835,0,0,0
12622.0,1,69,180.1,180.1,0,0,0
12623.0,1,191,305.1,305.1,0,0,0
12624.0,2,355,641.13,320.565,0,0,0
12625.0,2,1612,2683.82,1341.91,0,0,0
12626.0,9,3453,6620.48,735.6088888888888,0,0,0
12627.0,7,2752,4478.53,639.79,0,0,0
12628.0,3,448,786.46,262.15333333333336,0,0,0
12630.0,2,548,1270.88,635.44,0,0,0
12631.0,1,236,640.5,640.5,0,0,0
12633.0,4,1162,2163.98,540.995,0,0,0
12635.0,2,1172,1689.18,844.59,0,0,0
12637.0,8,2994,6002.9,750.3625,0,0,0
12638.0,1,577,671.69,671.69,0,0,0
12639.0,1,201,486.1,486.1,0,0,0
12640.0,3,311,1174.58,391.52666666666664,0,0,0
12641.0,1,72,185.9,185.9,0,0,0
12642.0,3,552,1013.26,337.75333333333333,0,0,0
12643.0,6,1808,3344.64,557.4399999999999,0,0,0
12644.0,1,325,477.91,477.91,0,0,0
12645.0,4,1084,1775.18,443.795,0,0,0
12646.0,2,897,1346.97,673.485,0,0,0
12647.0,12,1431,3722.82,310.235,0,0,0
12648.0,1,160,318.05,318.05,0,0,0
12649.0,3,586,623.51,207.83666666666667,0,0,0
12650.0,1,254,314.44,314.44,0,0,0
12651.0,1,78,114.0,114.0,0,0,0
12652.0,1,505,919.98,919.98,0,0,0
12653.0,2,919,2209.85,1104.925,0,0,0
12654.0,5,264,601.98,120.396,0,0,0
12656.0,5,1723,4051.17,810.234,0,0,0
12657.0,4,1044,1643.18,410.795,0,0,0
12658.0,1,320,686.05,686.05,0,0,0
12659.0,1,105,91.68,91.68,0,0,0
12660.0,1,127,245.1,245.1,0,0,0
12662.0,11,2058,3849.78,349.98,0,0,0
12664.0,9,1203,4881.88,542.4311111111111,0,0,0
12665.0,1,37,63.0,63.0,0,0,0
12667.0,1,395,620.13,620.13,0,0,0
12668.0,4,1634,3807.15,951.7875,0,0,0
12669.0,3,1115,2744.0299999999997,914.6766666666666,0,0,0
12670.0,5,1397,2996.05,599.21,0,0,0
12672.0,1,78,225.89999999999998,225.89999999999998,0,0,0
12673.0,2,351,610.52,305.26,0,0,0
12674.0,4,1133,1970.6,492.65,0,0,0
12676.0,6,670,1331.39,221.89833333333334,0,0,0
12678.0,12,10923,17628.46,1469.0383333333332,0,0,-1
12679.0,4,554,1113.02,278.255,0,0,0
12680.0,4,443,862.81,215.7025,0,0,0
12681.0,22,7536,13787.54,626.7063636363637,0,0,0
12682.0,31,5555,12279.82,396.1232258064516,0,0,-1
12683.0,15,4987,8476.57,565.1046666666666,0,0,0
12684.0,7,1985,2283.63,326.23285714285714,0,0,0
12685.0,6,1523,2863.08,477.18,0,0,0
12686.0,1,107,89.14,89.14,0,0,0
12688.0,1,3028,4873.8099999999995,4873.8099999999995,0,0,-1
12689.0,2,628,1247.61,623.805,0,0,0
12690.0,1,106,389.01,389.01,0,0,0
12691.0,6,394,1035.8,172.63333333333333,0,0,0
12693.0,4,255,855.91,213.9775,0,0,0
12694.0,2,509,869.67,434.835,0,0,0
12695.0,4,220,582.1,145.525,0,0,0
12697.0,3,508,957.59,319.19666666666666,0,0,0
12700.0,4,2967,4939.99,1234.9975,0,0,0
12701.0,2,678,797.71,398.855,0,0,0
12702.0,1,53,219.0,219.0,0,0,0
12703.0,1,164,283.55,283.55,0,0,0
12704.0,8,1006,2340.84,292.605,0,0,0
12705.0,9,3997,6868.29,763.1433333333333,0,0,0
12707.0,1,256,603.42,603.42,0,0,0
12708.0,10,1307,2712.91,271.291,0,0,0
12709.0,15,3912,9706.52,647.1013333333334,0,0,0
12710.0,3,851,1149.02,383.00666666666666,0,0,0
12712.0,13,1062,4396.13,338.1638461538462,0,0,0
12713.0,1,508,848.55,848.55,0,0,0
12714.0,5,3069,4708.86,941.7719999999999,0,0,0
12715.0,1,192,343.36,343.36,0,0,0
12716.0,2,708,1053.49,526.745,0,0,0
12717.0,2,506,1030.98,515.49,0,0,0
12718.0,1,203,238.25,238.25,0,0,0
12719.0,2,374,644.95,322.475,0,0,0
12720.0,25,4672,5781.73,231.26919999999998,0,0,0
12721.0,6,1959,2656.13,442.68833333333333,0,0,0
12722.0,4,566,997.63,249.4075,0,0,0
12723.0,5,434,725.07,145.014,0,0,0
12724.0,4,445,1031.41,257.8525,0,0,0
12725.0,1,164,427.8,427.8,0,0,0
12726.0,7,3143,2609.1,372.7285714285714,0,0,0
12727.0,7,2098,3980.7,568.6714285714286,0,0,0
12728.0,4,419,836.33,209.0825,0,0,0
12729.0,1,233,453.01,453.01,0,0,0
12731.0,12,8437,18895.91,1574.6591666666666,0,0,-1
12732.0,1,111,236.26000000000002,236.26000000000002,0,0,0
12733.0,1,137,383.95,383.95,0,0,0
12734.0,1,88,110.39999999999999,110.39999999999999,0,0,0
12735.0,2,368,779.5699999999999,389.78499999999997,0,0,0
12736.0,1,173,234.0,234.0,0,0,0
12738.0,1,148,155.35,155.35,0,0,0
12739.0,2,486,1013.04,506.52,0,0,0
12740.0,1,342,427.6,427.6,0,0,0
12743.0,2,315,540.13,270.065,0,0,0
12744.0,7,5241,21279.29,3039.8985714285714,0,0,-1
12747.0,11,1275,4196.01,381.4554545454546,0,0,0
12748.0,209,25287,33053.19,158.14923444976077,2,1,-1
12749.0,5,1471,4090.88,818.176,0,0,0
12750.0,1,137,275.88,275.88,0,0,0
12752.0,1,2262,4366.78,4366.78,0,0,-1
12753.0,6,11421,21429.39,3571.565,0,0,-1
12754.0,3,6481,3010.74,1003.5799999999999,0,0,0
12755.0,2,1491,3811.95,1905.975,0,0,0
12756.0,1,144,112.07999999999998,112.07999999999998,0,0,0
12757.0,13,2395,7834.650000000001,602.6653846153847,0,0,0
12758.0,2,2135,2791.59,1395.795,0,0,0
12759.0,3,902,1531.44,510.48,0,0,0
12762.0,2,1227,1898.52,949.26,0,0,0
12763.0,2,316,494.08,247.04,0,0,0
12764.0,1,386,1693.88,1693.88,0,0,0
12766.0,7,3646,6989.63,998.5185714285715,0,0,0
12769.0,1,356,1143.6,1143.6,0,0,0
12770.0,1,743,1351.45,1351.45,0,0,0
12772.0,1,556,892.47,892.47,0,0,0
12775.0,5,877,1386.04,277.20799999999997,0,0,0
12778.0,6,825,822.23,137.03833333333333,0,0,0
12779.0,8,2024,3981.36,497.67,0,0,0
12781.0,2,671,826.74,413.37,0,0,0
12782.0,5,1086,2330.92,466.184,0,0,0
12783.0,6,624,2225.91,370.98499999999996,0,0,0
12784.0,2,280,532.8199999999999,266.40999999999997,0,0,0
12785.0,1,131,311.95,311.95,0,0,0
12787.0,3,261,463.66,154.55333333333334,0,0,0
12789.0,1,4,91.85,91.85,0,0,0
12790.0,1,166,324.92,324.92,0,0,0
12791.0,1,97,192.60000000000002,192.60000000000002,0,0,0
12792.0,1,217,400.53999999999996,400.53999999999996,0,0,0
12793.0,2,295,545.48,272.74,0,0,0
12794.0,2,592,860.41,430.205,0,0,0
12795.0,1,68,430.48,430.48,0,0,0
12797.0,1,118,254.03,254.03,0,0,0
12798.0,3,5256,6977.04,2325.68,0,0,0
12802.0,1,314,427.58,427.58,0,0,0
12808.0,3,188,483.65000000000003,161.21666666666667,0,0,0
12809.0,1,220,489.31,489.31,0,0,0
12811.0,3,230,514.85,171.61666666666667,0,0,0
12812.0,1,164,229.64000000000001,229.64000000000001,0,0,0
12814.0,1,49,125.92,125.92,0,0,0
12815.0,2,379,1063.46,531.73,0,0,0
12816.0,2,128,572.2,286.1,0,0,0
12817.0,1,53,166.04,166.04,0,0,0
12818.0,1,929,1542.08,1542.08,0,0,0
12820.0,4,722,942.34,235.585,0,0,0
12821.0,1,70,92.72,92.72,0,0,0
12822.0,2,550,948.88,474.44,0,0,0
12823.0,5,230,1759.5,351.9,0,0,0
12824.0,1,232,397.12,397.12,0,0,0
12826.0,7,1058,1474.72,210.67428571428573,0,0,0
12827.0,3,197,430.15000000000003,143.38333333333335,0,0,0
12828.0,6,494,1018.71,169.785,0,0,0
12829.0,2,376,293.0,146.5,0,0,0
12830.0,6,9848,6814.64,1135.7733333333333,0,0,0
12831.0,1,135,215.05,215.05,0,0,0
12832.0,2,195,383.03,191.515,0,0,0
12833.0,1,156,417.38,417.38,0,0,0
12834.0,1,110,312.38,312.38,0,0,0
12836.0,4,1062,2610.36,652.59,0,0,0
12837.0,1,24,134.1,134.1,0,0,0
12838.0,2,355,671.95,335.975,0,0,0
12839.0,14,3807,5591.42,399.38714285714286,0,0,0
12840.0,4,1511,2726.77,681.6925,0,0,0
12841.0,25,2720,3991.58,159.6632,0,0,0
12842.0,2,547,1118.99,559.495,0,0,0
12843.0,8,781,1702.26,212.7825,0,0,0
12844.0,2,125,325.96000000000004,162.98000000000002,0,0,0
12845.0,4,204,354.09,88.5225,0,0,0
12847.0,1,873,843.64,843.64,0,0,0
12849.0,2,597,1010.29,505.145,0,0,0
12851.0,1,106,131.81,131.81,0,0,0
12852.0,1,149,311.55,311.55,0,0,0
12853.0,6,800,1957.1000000000001,326.18333333333334,0,0,0
12854.0,3,626,1316.25,438.75,0,0,0
12855.0,1,30,38.1,38.1,0,0,0
12856.0,6,1076,2170.78,361.7966666666667,0,0,0
12857.0,2,343,1106.4,553.2,0,0,0
12863.0,1,188,521.2,521.2,0,0,0
12864.0,1,216,147.12,147.12,0,0,0
12865.0,2,925,1568.23,784.115,0,0,0
12866.0,1,171,559.12,559.12,0,0,0
12867.0,7,4284,4009.34,572.7628571428571,0,0,0
12868.0,6,928,1607.0600000000002,267.84333333333336,0,0,0
12871.0,2,200,380.64,190.32,0,0,0
12872.0,2,319,599.97,299.985,0,0,0
12873.0,1,128,374.0,374.0,0,0,0
12875.0,2,2019,343.2300000000001,171.61500000000004,0,0,0
12876.0,2,1941,2218.02,1109.01,0,0,0
12877.0,12,1178,1535.77,127.98083333333334,0,0,0
12878.0,2,547,854.99,427.495,0,0,0
12879.0,3,370,573.22,191.07333333333335,0,0,0
12881.0,1,21,298.0,298.0,0,0,0
12882.0,2,246,1463.04,731.52,0,0,0
12883.0,4,196,703.47,175.8675,0,0,0
12884.0,1,43,309.05,309.05,0,0,0
12885.0,3,655,1175.22,391.74,0,0,0
12886.0,2,770,1378.4,689.2,0,0,0
12888.0,2,76,354.12,177.06,0,0,0
12890.0,1,256,376.71999999999997,376.71999999999997,0,0,0
12891.0,3,950,331.0,110.33333333333333,0,0,0
12893.0,1,90,176.55,176.55,0,0,0
12895.0,2,210,372.8,186.4,0,0,0
12897.0,2,110,216.5,108.25,0,0,0
12901.0,28,23075,17654.54,630.5192857142857,2,3,-1
12902.0,1,66,138.68,138.68,0,0,0
12904.0,2,294,496.06,248.03,0,0,0
12906.0,5,1749,2919.81,583.962,0,0,0
12908.0,2,1200,750.0,375.0,0,0,0
12909.0,5,1280,2178.67,435.73400000000004,0,0,0
12910.0,8,1692,3075.04,384.38,0,0,0
12912.0,5,670,1662.3,332.46,0,0,0
12913.0,5,1419,2483.63,496.726,0,0,0
12915.0,2,93,363.65,181.825,0,0,0
12916.0,4,1083,2944.95,736.2375,0,0,0
12917.0,1,120,594.0,594.0,0,0,0
12919.0,6,673,1335.19,222.53166666666667,0,0,0
12920.0,1,128,162.78,162.78,0,0,0
12921.0,37,9526,16587.09,448.29972972972973,2,0,-1
12922.0,1,370,405.38,405.38,0,0,0
12923.0,1,68,172.82,172.82,0,0,0
12924.0,4,481,933.7,233.425,0,0,0
12925.0,2,541,694.05,347.025,0,0,0
12928.0,5,1472,2062.7000000000003,412.5400000000001,0,0,0
12929.0,1,37,117.85,117.85,0,0,0
12930.0,2,252,415.8,207.9,0,0,0
12931.0,15,28004,42055.96,2803.730666666667,2,3,-1
12933.0,3,499,607.53,202.51,0,0,0
12935.0,7,1853,2160.7,308.6714285714285,0,0,0
12936.0,4,559,1063.9,265.975,0,0,0
12937.0,4,1007,1504.27,376.0675,0,0,0
12938.0,1,140,114.14,114.14,0,0,0
12939.0,8,4876,11581.8,1447.725,0,0,0
12940.0,2,404,899.69,449.845,0,0,0
12942.0,3,198,675.6,225.20000000000002,0,0,0
12944.0,2,289,604.51,302.255,0,0,0
12945.0,1,165,462.95,462.95,0,0,0
12947.0,6,1165,1603.99,267.33166666666665,0,0,0
12948.0,7,1080,2064.95,294.99285714285713,0,0,0
12949.0,8,2381,4167.22,520.9025,0,0,0
12950.0,3,1380,1843.0,614.3333333333334,0,0,0
12951.0,6,503,1064.07,177.345,0,0,0
12952.0,4,653,1387.79,346.9475,0,0,0
12953.0,1,84,329.85,329.85,0,0,0
12955.0,11,3664,4757.16,432.4690909090909,0,0,0
12956.0,1,34,108.07,108.07,0,0,0
12957.0,8,2549,4017.54,502.1925,0,0,0
12962.0,2,129,266.39,133.195,0,0,0
12963.0,8,881,1856.63,232.07875,0,0,0
12965.0,1,282,769.8100000000001,769.8100000000001,0,0,0
12966.0,1,75,160.18,160.18,0,0,0
12967.0,2,438,1660.9,830.45,0,0,0
12968.0,1,73,135.95,135.95,0,0,0
12970.0,4,268,405.47,101.3675,0,0,0
12971.0,86,9289,11189.91,130.11523255813952,2,3,-1
12974.0,1,24,144.8,144.8,0,0,0
12976.0,1,561,738.6,738.6,0,0,0
12977.0,1,12,39.239999999999995,39.239999999999995,0,0,0
12980.0,9,886,7374.900000000001,819.4333333333334,0,0,0
12981.0,2,242,372.21999999999997,186.10999999999999,0,0,0
12982.0,1,288,390.54,390.54,0,0,0
12984.0,1,26,97.5,97.5,0,0,0
12985.0,2,1533,1239.38,619.69,0,0,0
12987.0,2,219,558.7,279.35,0,0,0
12988.0,1,126,505.82,505.82,0,0,0
12989.0,15,2943,6924.110000000001,461.6073333333334,0,0,0
12990.0,3,200,409.5,136.5,0,0,0
12991.0,2,405,503.76,251.88,0,0,0
12993.0,4,240,414.76,103.69,0,0,0
12994.0,3,459,974.4200000000001,324.8066666666667,0,0,0
12995.0,1,108,211.32,211.32,0,0,0
12997.0,4,664,1226.89,306.7225,0,0,0
12999.0,3,342,455.88,151.96,0,0,0
13000.0,3,379,534.85,178.28333333333333,0,0,0
13001.0,13,5490,9785.970000000001,752.7669230769231,0,0,0
13002.0,1,73,120.94999999999999,120.94999999999999,0,0,0
13003.0,3,103,149.05,49.68333333333334,0,0,0
13004.0,18,4822,5655.91,314.21722222222223,0,0,0
13005.0,2,172,513.7,256.85,0,0,0
13006.0,1,55,81.57,81.57,0,0,0
13008.0,1,175,229.46999999999997,229.46999999999997,0,0,0
13011.0,1,13,50.550000000000004,50.550000000000004,0,0,0
13012.0,8,820,1646.8400000000001,205.85500000000002,0,0,0
13013.0,13,2224,4810.9400000000005,370.07230769230773,0,0,0
13014.0,10,905,3466.2799999999997,346.628,0,0,0
13015.0,5,1609,3339.64,667.928,0,0,0
13016.0,3,527,789.89,263.2966666666667,0,0,0
13017.0,1,48,204.0,204.0,0,0,0
13018.0,28,5435,7277.7,259.91785714285714,0,0,0
13021.0,9,1352,2616.38,290.7088888888889,0,0,0
13023.0,2,286,689.9,344.95,0,0,0
13026.0,5,1620,975.36,195.072,0,0,0
13027.0,6,17280,6912.0,1152.0,0,0,-1
13028.0,2,798,661.3199999999999,330.65999999999997,0,0,0
13029.0,3,134,1247.5,415.8333333333333,0,0,0
13030.0,2,348,752.4399999999999,376.21999999999997,0,0,0
13032.0,2,375,1010.18,505.09,0,0,0
13033.0,1,83,190.55,190.55,0,0,0
13034.0,2,369,642.77,321.385,0,0,0
13035.0,2,644,921.88,460.94,0,0,0
13037.0,3,431,881.07,293.69,0,0,0
13038.0,3,360,908.46,302.82,0,0,0
13040.0,2,355,676.99,338.495,0,0,0
13043.0,1,254,516.42,516.42,0,0,0
13044.0,1,429,560.47,560.47,0,0,0
13045.0,1,221,305.28000000000003,305.28000000000003,0,0,0
13046.0,2,264,629.31,314.655,0,0,0
13047.0,10,1391,3237.54,323.754,0,0,0
13048.0,4,1228,1819.41,454.8525,0,0,0
13049.0,2,268,656.6800000000001,328.34000000000003,0,0,0
13050.0,17,3748,5836.86,343.3447058823529,0,0,0
13052.0,1,222,348.15000000000003,348.15000000000003,0,0,0
13055.0,3,894,1214.41,404.80333333333334,0,0,0
13058.0,3,52,271.40000000000003,90.46666666666668,0,0,0
13059.0,1,35,183.4,183.4,0,0,0
13060.0,1,123,307.53,307.53,0,0,0
13061.0,1,107,248.61,248.61,0,0,0
13062.0,1,343,346.98,346.98,0,0,0
13064.0,4,514,1105.59,276.3975,0,0,0
13065.0,1,74,205.86,205.86,0,0,0
13066.0,2,322,470.8,235.4,0,0,0
13067.0,1,32,115.46000000000001,115.46000000000001,0,0,0
13068.0,2,200,344.0,172.0,0,0,0
13069.0,24,5873,4431.44,184.64333333333332,0,0,0
13070.0,1,110,228.8,228.8,0,0,0
13072.0,1,69,177.15,177.15,0,0,0
13075.0,1,485,919.61,919.61,0,0,0
13077.0,4,862,728.02,182.005,0,0,0
13078.0,26,5630,12627.94,485.69,0,0,0
13079.0,5,62,220.10000000000002,44.02,0,0,0
13080.0,1,120,58.08,58.08,0,0,0
13081.0,11,19068,28337.38,2576.1254545454544,2,3,-1
13082.0,9,4324,3613.63,401.51444444444445,0,0,0
13083.0,2,187,303.75,151.875,0,0,0
13085.0,2,216,416.08000000000004,208.04000000000002,0,0,0
13089.0,97,31025,58762.08,605.7946391752578,2,3,-1
13090.0,14,2263,8910.82,636.4871428571429,0,0,0
13091.0,1,466,345.82,345.82,0,0,0
13092.0,5,279,477.83,95.566,0,0,0
13093.0,8,3961,7832.47,979.05875,0,0,0
13094.0,12,1716,1927.3200000000002,160.61,0,0,0
13095.0,1,144,74.39999999999999,74.39999999999999,0,0,0
13097.0,10,2360,6003.22,600.322,0,0,0
13098.0,28,15968,28882.44,1031.5157142857142,2,3,-1
13099.0,1,288,207.35999999999999,207.35999999999999,0,0,0
13101.0,1,113,101.19,101.19,0,0,0
13102.0,24,4204,6424.09,267.67041666666665,0,0,0
13103.0,1,82,243.94,243.94,0,0,0
13104.0,6,504,1098.48,183.08,0,0,0
13106.0,1,18,76.5,76.5,0,0,0
13107.0,4,1293,1531.6200000000001,382.90500000000003,0,0,0
13108.0,1,298,350.06,350.06,0,0,0
13109.0,2,520,786.54,393.27,0,0,0
13110.0,7,388,1488.67,212.66714285714286,0,0,0
13113.0,24,3045,12245.960000000001,510.2483333333334,0,0,0
13115.0,4,1567,2294.78,573.695,0,0,0
13116.0,1,291,501.14,501.14,0,0,0
13117.0,8,945,984.91,123.11375,0,0,0
13118.0,5,410,1197.81,239.56199999999998,0,0,0
13120.0,1,12,30.599999999999998,30.599999999999998,0,0,0
13121.0,1,252,283.73,283.73,0,0,0
13122.0,2,585,922.39,461.195,0,0,0
13124.0,3,2119,3756.33,1252.11,0,0,0
13126.0,8,2143,2099.64,262.455,0,0,0
13127.0,1,127,259.17,259.17,0,0,0
13130.0,1,32,64.0,64.0,0,0,0
13131.0,3,447,1073.3,357.76666666666665,0,0,0
13132.0,1,20,77.3,77.3,0,0,0
13133.0,2,32,109.8,54.9,0,0,0
13134.0,4,1059,1793.58,448.395,0,0,0
13135.0,1,4300,3096.0,3096.0,0,0,-1
13136.0,5,1328,2607.61,521.522,0,0,0
13137.0,8,2204,3603.29,450.41125,0,0,0
13138.0,6,473,962.39,160.39833333333334,0,0,0
13139.0,7,2425,5064.94,723.5628571428571,0,0,0
13140.0,3,185,422.47,140.82333333333335,0,0,0
13141.0,5,1548,2388.75,477.75,0,0,0
13142.0,1,258,307.09,307.09,0,0,0
13144.0,1,21,110.95,110.95,0,0,0
13145.0,4,145,618.52,154.63,0,0,0
13146.0,1,154,228.91,228.91,0,0,0
13147.0,4,144,712.8000000000001,178.20000000000002,0,0,0
13148.0,12,1965,3683.26,306.93833333333333,0,0,0
13149.0,4,1280,1676.06,419.015,0,0,0
13151.0,1,363,1257.8700000000001,1257.8700000000001,0,0,0
13153.0,1,418,486.22,486.22,0,0,0
13155.0,4,497,971.76,242.94,0,0,0
13157.0,4,1439,1741.22,435.305,0,0,0
13158.0,4,784,1201.06,300.265,0,0,0
13159.0,4,1058,1429.35,357.3375,0,0,0
13160.0,1,56,91.8,91.8,0,0,0
13161.0,1,29,112.75,112.75,0,0,0
13162.0,4,1713,1688.29,422.0725,0,0,0
13165.0,2,1376,1021.48,510.74,0,0,0
13166.0,1,216,417.2,417.2,0,0,0
13167.0,4,785,791.33,197.8325,0,0,0
13168.0,4,670,1299.59,324.8975,0,0,0
13169.0,2,272,712.88,356.44,0,0,0
13170.0,1,141,108.81,108.81,0,0,0
13171.0,3,229,468.41,156.13666666666668,0,0,0
13173.0,2,277,353.65,176.825,0,0,0
13174.0,3,1352,2742.82,914.2733333333334,0,0,0
13176.0,1,448,481.49,481.49,0,0,0
13177.0,1,91,282.45,282.45,0,0,0
13178.0,11,3570,5725.47,520.4972727272727,0,0,0
13182.0,1,201,121.18,121.18,0,0,0
13183.0,9,2208,3957.78,439.75333333333333,0,0,0
13184.0,10,1662,1668.95,166.895,0,0,0
13185.0,1,12,71.4,71.4,0,0,0
13186.0,3,820,1575.89,525.2966666666667,0,0,0
13187.0,1,95,236.02,236.02,0,0,0
13188.0,1,25,114.60000000000001,114.60000000000001,0,0,0
13189.0,2,842,260.68,130.34,0,0,0
13192.0,2,595,911.94,455.97,0,0,0
13193.0,1,46,112.08,112.08,0,0,0
13194.0,1,26,60.7,60.7,0,0,0
13196.0,4,1224,1797.78,449.445,0,0,0
13198.0,6,2648,3401.2400000000002,566.8733333333333,0,0,0
13199.0,38,6176,9817.12,258.34526315789475,2,0,-1
13200.0,4,516,870.09,217.5225,0,0,0
13203.0,4,800,869.46,217.365,0,0,0
13207.0,2,130,250.26000000000002,125.13000000000001,0,0,0
13208.0,6,803,1217.65,202.9416666666667,0,0,0
13209.0,8,4253,5891.61,736.45125,0,0,0
13210.0,1,316,353.48,353.48,0,0,0
13211.0,3,834,1095.42,365.14000000000004,0,0,0
13212.0,3,309,786.83,262.2766666666667,0,0,0
13213.0,5,1360,1520.58,304.116,0,0,0
13216.0,1,297,333.74,333.74,0,0,0
13217.0,3,262,533.98,177.99333333333334,0,0,0
13218.0,1,88,62.63999999999999,62.63999999999999,0,0,0
13220.0,4,196,819.2900000000001,204.82250000000002,0,0,0
13221.0,2,244,847.41,423.705,0,0,0
13223.0,2,88,163.20000000000002,81.60000000000001,0,0,0
13224.0,2,1518,2155.95,1077.975,0,0,0
13225.0,7,3416,6463.84,923.4057142857143,0,0,0
13226.0,1,80,108.21000000000001,108.21000000000001,0,0,0
13227.0,1,99,257.7,257.7,0,0,0
13228.0,1,200,358.0,358.0,0,0,0
13229.0,1,63,160.95,160.95,0,0,0
13230.0,14,1638,2755.63,196.8307142857143,0,0,0
13232.0,7,773,1328.35,189.7642857142857,0,0,0
13233.0,2,1004,605.12,302.56,0,0,0
13235.0,1,441,1031.07,1031.07,0,0,0
13236.0,2,416,744.85,372.425,0,0,0
13238.0,4,298,700.73,175.1825,0,0,0
13239.0,1,327,329.56,329.56,0,0,0
13240.0,4,298,663.65,165.9125,0,0,0
13242.0,3,130,270.40000000000003,90.13333333333334,0,0,0
13243.0,1,232,585.12,585.12,0,0,0
13244.0,1,38,121.74000000000001,121.74000000000001,0,0,0
13245.0,1,125,430.5,430.5,0,0,0
13246.0,6,1587,1961.52,326.92,0,0,0
13247.0,4,328,501.12,125.28,0,0,0
13248.0,2,305,465.68,232.84,0,0,0
13249.0,3,546,711.41,237.13666666666666,0,0,0
13253.0,2,1572,1030.4,515.2,0,0,0
13255.0,2,177,399.51,199.755,0,0,0
13258.0,3,282,672.83,224.27666666666667,0,0,0
13259.0,1,126,283.18,283.18,0,0,0
13260.0,1,142,557.62,557.62,0,0,0
13261.0,2,210,944.1,472.05,0,0,0
13262.0,1,125,200.29,200.29,0,0,0
13263.0,35,4768,7436.93,212.48371428571429,0,0,-1
13265.0,5,1740,2092.66,418.532,0,0,0
13266.0,12,4428,3834.2599999999998,319.52166666666665,0,0,0
13267.0,19,1969,4521.49,237.97315789473683,0,0,0
13268.0,11,3624,3174.75,288.6136363636364,0,0,0
13269.0,15,3513,5343.28,356.21866666666665,0,0,0
13270.0,1,200,590.0,590.0,0,0,0
13271.0,1,240,211.49,211.49,0,0,0
13272.0,2,96,276.56,138.28,0,0,0
13273.0,1,153,138.98,138.98,0,0,0
13276.0,2,161,590.9300000000001,295.46500000000003,0,0,0
13277.0,4,176,258.4,64.6,0,0,0
13278.0,1,537,542.73,542.73,0,0,0
13279.0,1,73,137.75,137.75,0,0,0
13280.0,3,518,798.46,266.15333333333336,0,0,0
13282.0,3,307,1132.14,377.38000000000005,0,0,0
13283.0,2,90,93.66,46.83,0,0,0
13284.0,1,91,201.19,201.19,0,0,0
13285.0,4,2051,2709.12,677.28,0,0,0
13291.0,1,233,361.11,361.11,0,0,0
13292.0,2,347,578.9399999999999,289.46999999999997,0,0,0
13294.0,2,453,873.74,436.87,0,0,0
13295.0,1,82,201.20000000000002,201.20000000000002,0,0,0
13296.0,1,78,87.4,87.4,0,0,0
13297.0,4,963,2089.85,522.4625,0,0,0
13298.0,1,96,360.0,360.0,0,0,0
13299.0,1,30,142.5,142.5,0,0,0
13300.0,1,203,371.89,371.89,0,0,0
13301.0,4,345,618.09,154.5225,0,0,0
13302.0,1,5,63.75,63.75,0,0,0
13304.0,1,238,300.42,300.42,0,0,0
13305.0,10,1232,2000.86,200.08599999999998,0,0,0
13307.0,1,4,15.0,15.0,0,0,0
13308.0,3,843,1385.51,461.83666666666664,0,0,0
13309.0,5,1544,1456.79,291.358,0,0,0
13310.0,3,587,1132.03,377.3433333333333,0,0,0
13311.0,2,305,598.57,299.285,0,0,0
13313.0,5,851,1555.32,311.06399999999996,0,0,0
13314.0,3,560,775.94,258.6466666666667,0,0,0
13316.0,4,5508,5732.93,1433.2325,0,0,0
13317.0,6,1035,2273.68,378.94666666666666,0,0,0
13318.0,3,304,640.76,213.58666666666667,0,0,0
13319.0,26,4724,10845.550000000001,417.1365384615385,0,0,0
13320.0,4,1086,1532.2,383.05,0,0,0
13321.0,2,372,567.36,283.68,0,0,0
13322.0,1,117,199.48000000000002,199.48000000000002,0,0,0
13323.0,5,175,787.85,157.57,0,0,0
13324.0,10,5205,7121.95,712.1949999999999,0,0,0
13325.0,1,240,675.3,675.3,0,0,0
13327.0,8,1600,3627.77,453.47125,0,0,0
13328.0,1,680,1308.48,1308.48,0,0,0
13329.0,2,463,789.0,394.5,0,0,0
13330.0,3,751,1140.93,380.31,0,0,0
13332.0,1,179,350.9,350.9,0,0,0
13334.0,3,1764,3502.32,1167.44,0,0,0
13336.0,1,559,795.12,795.12,0,0,0
13338.0,1,256,487.02,487.02,0,0,0
13339.0,1,326,860.12,860.12,0,0,0
13340.0,7,5770,10736.48,1533.782857142857,0,0,0
13341.0,1,301,775.85,775.85,0,0,0
13343.0,1,135,353.43,353.43,0,0,0
13344.0,3,952,2511.69,837.23,0,0,0
13345.0,1,141,389.5,389.5,0,0,0
13347.0,1,205,341.36,341.36,0,0,0
13348.0,1,136,233.76,233.76,0,0,0
13349.0,1,225,247.32,247.32,0,0,0
13350.0,2,287,979.12,489.56,0,0,0
13351.0,1,117,373.94,373.94,0,0,0
13352.0,1,321,397.97999999999996,397.97999999999996,0,0,0
13354.0,1,604,743.53,743.53,0,0,0
13355.0,1,314,674.7,674.7,0,0,0
13356.0,1,325,768.24,768.24,0,0,0
13357.0,1,321,609.4,609.4,0,0,0
13358.0,1,285,439.03,439.03,0,0,0
13359.0,1,161,439.56,439.56,0,0,0
13362.0,4,1382,3090.7400000000002,772.6850000000001,0,0,0
13363.0,2,710,992.5,496.25,0,0,0
13364.0,1,71,134.95999999999998,134.95999999999998,0,0,0
13365.0,2,1247,2225.37,1112.685,0,0,0
13366.0,1,144,56.160000000000004,56.160000000000004,0,0,0
13368.0,2,327,623.4,311.7,0,0,0
13369.0,1,149,308.28000000000003,308.28000000000003,0,0,0
13370.0,1,343,754.87,754.87,0,0,0
13372.0,1,159,378.64,378.64,0,0,0
13373.0,3,1651,3312.25,1104.0833333333333,0,0,0
13375.0,1,442,778.65,778.65,0,0,0
13376.0,3,493,1019.76,339.92,0,0,0
13379.0,3,601,572.56,190.85333333333332,0,0,0
13381.0,6,2029,3639.31,606.5516666666666,0,0,0
13382.0,1,131,222.99,222.99,0,0,0
13384.0,7,2422,4151.93,593.1328571428572,0,0,0
13385.0,1,281,534.57,534.57,0,0,0
13388.0,2,282,677.1,338.55,0,0,0
13389.0,3,429,797.96,265.9866666666667,0,0,0
13390.0,1,224,544.08,544.08,0,0,0
13391.0,1,4,59.8,59.8,0,0,0
13394.0,8,2392,2520.02,315.0025,0,0,0
13395.0,1,336,307.72,307.72,0,0,0
13396.0,2,600,1360.99,680.495,0,0,0
13397.0,5,430,1544.13,308.826,0,0,0
13398.0,1,281,457.34,457.34,0,0,0
13402.0,2,479,621.23,310.615,0,0,0
13403.0,1,44,75.0,75.0,0,0,0
13404.0,2,111,252.49,126.245,0,0,0
13405.0,3,165,572.451,190.817,0,0,0
13408.0,62,16232,28117.04,453.5006451612903,2,3,-1
13410.0,5,518,1003.06,200.612,0,0,0
13411.0,1,72,213.55,213.55,0,0,0
13414.0,3,1574,1390.5,463.5,0,0,0
13416.0,2,142,712.5,356.25,0,0,0
13417.0,2,162,640.83,320.415,0,0,0
13418.0,18,3918,6127.43,340.4127777777778,0,0,0
13419.0,1,275,221.06,221.06,0,0,0
13420.0,2,101,159.85,79.925,0,0,0
13421.0,2,1128,1833.71,916.855,0,0,0
13422.0,1,1326,2626.3,2626.3,0,0,0
13425.0,3,1123,1624.21,541.4033333333333,0,0,0
13426.0,10,2245,3641.32,364.132,0,0,0
13427.0,3,545,582.6,194.20000000000002,0,0,0
13428.0,1,151,201.78,201.78,0,0,0
13429.0,4,1390,1006.8,251.7,0,0,0
13430.0,2,751,679.45,339.725,0,0,0
13431.0,2,672,1269.1,634.55,0,0,0
13434.0,2,300,534.24,267.12,0,0,0
13435.0,7,2129,3809.8900000000003,544.2700000000001,0,0,0
13436.0,1,76,196.89,196.89,0,0,0
13437.0,7,1283,3408.06,486.86571428571426,0,0,0
13439.0,1,242,283.71,283.71,0,0,0
13441.0,1,204,296.64,296.64,0,0,0
13447.0,3,584,1129.14,376.38000000000005,0,0,0
13448.0,6,1648,3534.69,589.115,0,0,0
13449.0,1,222,291.88,291.88,0,0,0
13450.0,6,1982,2043.7199999999998,340.61999999999995,0,0,0
13451.0,5,2128,2898.2599999999998,579.6519999999999,0,0,0
13452.0,2,2,590.0,295.0,0,0,0
13453.0,2,134,356.97999999999996,178.48999999999998,0,0,0
13455.0,2,354,1058.34,529.17,0,0,0
13456.0,6,765,1766.72,294.4533333333333,0,0,0
13458.0,14,5508,9646.57,689.0407142857142,0,0,0
13460.0,2,286,183.44,91.72,0,0,0
13461.0,3,1170,1445.0,481.6666666666667,0,0,0
13462.0,1,62,151.5,151.5,0,0,0
13464.0,1,403,674.68,674.68,0,0,0
13466.0,1,259,307.9,307.9,0,0,0
13467.0,2,580,1071.91,535.955,0,0,0
13468.0,37,2589,5704.97,154.1883783783784,0,0,-1
13470.0,2,100,165.0,82.5,0,0,0
13471.0,4,1583,2501.84,625.46,0,0,0
13473.0,2,266,422.64,211.32,0,0,0
13474.0,1,129,226.84,226.84,0,0,0
13475.0,4,1012,1431.78,357.945,0,0,0
13476.0,2,417,1238.47,619.235,0,0,0
13477.0,6,1021,1454.58,242.42999999999998,0,0,0
13479.0,2,134,300.95,150.475,0,0,0
13481.0,5,1142,1804.56,360.912,0,0,0
13482.0,1,116,184.64,184.64,0,0,0
13483.0,1,160,140.34,140.34,0,0,0
13484.0,1,44,313.8,313.8,0,0,0
13485.0,1,277,454.24,454.24,0,0,0
13486.0,3,669,1122.41,374.1366666666667,0,0,0
13487.0,3,265,575.4,191.79999999999998,0,0,0
13488.0,13,4518,8968.31,689.87,0,0,0
13489.0,4,560,449.52,112.38,0,0,0
13491.0,10,903,1215.82,121.582,0,0,0
13492.0,3,408,1269.84,423.28,0,0,0
13493.0,2,380,618.63,309.315,0,0,0
13494.0,1,162,316.26000000000005,316.26000000000005,0,0,0
13495.0,5,829,2044.8700000000001,408.97400000000005,0,0,0
13496.0,2,341,653.33,326.665,0,0,0
13497.0,2,163,348.05,174.025,0,0,0
13499.0,5,1365,1159.11,231.82199999999997,0,0,0
13500.0,3,609,1166.77,388.92333333333335,0,0,0
13501.0,1,560,1340.32,1340.32,0,0,0
13502.0,3,264,292.0,97.33333333333333,0,0,0
13503.0,1,248,216.85,216.85,0,0,0
13504.0,1,178,295.93,295.93,0,0,0
13505.0,4,2486,4393.63,1098.4075,0,0,0
13506.0,2,324,458.52,229.26,0,0,0
13507.0,4,1597,2479.16,619.79,0,0,0
13508.0,1,24,110.97,110.97,0,0,0
13509.0,7,1106,979.72,139.96,0,0,0
13510.0,4,1386,1791.56,447.89,0,0,0
13512.0,1,143,251.21,251.21,0,0,0
13513.0,1,109,205.1,205.1,0,0,0
13514.0,1,40,152.20000000000002,152.20000000000002,0,0,0
13515.0,4,681,891.12,222.78,0,0,0
13516.0,3,985,1389.41,463.1366666666667,0,0,0
13517.0,3,1369,2128.42,709.4733333333334,0,0,0
13518.0,1,382,627.16,627.16,0,0,0
13519.0,1,23,122.75,122.75,0,0,0
13520.0,6,1649,3624.35,604.0583333333333,0,0,0
13521.0,3,718,1071.73,357.24333333333334,0,0,0
13522.0,1,44,125.80000000000001,125.80000000000001,0,0,0
13523.0,5,1752,3964.88,792.976,0,0,0
13524.0,5,324,680.1800000000001,136.036,0,0,0
13525.0,2,394,628.78,314.39,0,0,0
13527.0,7,1683,2242.36,320.33714285714285,0,0,0
13529.0,2,74,307.76,153.88,0,0,0
13531.0,2,174,483.8,241.9,0,0,0
13532.0,1,129,210.31,210.31,0,0,0
13533.0,3,202,269.09,89.69666666666666,0,0,0
13534.0,25,2961,5870.08,234.8032,0,0,0
13536.0,7,2126,3444.39,492.05571428571426,0,0,0
13538.0,7,175,1280.85,182.97857142857143,0,0,0
13539.0,3,320,631.34,210.4466666666667,0,0,0
13544.0,2,112,276.06,138.03,0,0,0
13546.0,3,357,621.09,207.03,0,0,0
13548.0,2,436,678.16,339.08,0,0,0
13549.0,7,458,918.2,131.17142857142858,0,0,0
13551.0,1,12,91.80000000000001,91.80000000000001,0,0,0
13552.0,12,1417,3740.07,311.6725,0,0,0
13555.0,4,2636,4098.88,1024.72,0,0,0
13557.0,2,546,584.06,292.03,0,0,0
13558.0,4,338,594.52,148.63,0,0,0
13560.0,1,63,171.42000000000002,171.42000000000002,0,0,0
13561.0,1,83,141.85999999999999,141.85999999999999,0,0,0
13562.0,3,757,1799.33,599.7766666666666,0,0,0
13563.0,2,209,777.53,388.765,0,0,0
13564.0,3,636,1724.67,574.89,0,0,0
13565.0,2,172,240.22,120.11,0,0,0
13566.0,2,567,856.84,428.42,0,0,0
13568.0,1,66,187.05,187.05,0,0,0
13569.0,2,156,338.62,169.31,0,0,0
13570.0,1,161,239.49,239.49,0,0,0
13571.0,12,1757,2088.94,174.07833333333335,0,0,0
13572.0,1,534,1384.25,1384.25,0,0,0
13573.0,2,302,290.25,145.125,0,0,0
13575.0,5,449,732.0699999999999,146.414,0,0,0
13576.0,18,2646,6717.34,373.18555555555554,0,0,0
13577.0,4,791,1687.6000000000001,421.90000000000003,0,0,0
13579.0,2,176,467.04,233.52,0,0,0
13581.0,1,30,118.0,118.0,0,0,0
13583.0,1,725,781.03,781.03,0,0,0
13584.0,1,37,142.4,142.4,0,0,0
13587.0,1,180,712.4,712.4,0,0,0
13588.0,9,2606,2478.95,275.43888888888887,0,0,0
13589.0,2,114,379.65,189.825,0,0,0
13590.0,6,1848,1981.92,330.32,0,0,0
13591.0,3,485,1117.13,372.3766666666667,0,0,0
13592.0,4,84,247.95999999999998,61.989999999999995,0,0,0
13593.0,5,719,2011.88,402.37600000000003,0,0,0
13594.0,1,359,396.97,396.97,0,0,0
13596.0,2,384,664.11,332.055,0,0,0
13598.0,1,52,160.04,160.04,0,0,0
13599.0,21,3293,5149.92,245.2342857142857,0,0,0
13600.0,1,324,219.52,219.52,0,0,0
13601.0,2,548,693.32,346.66,0,0,0
13602.0,1,267,428.89,428.89,0,0,0
13603.0,1,164,164.34,164.34,0,0,0
13606.0,3,276,276.75,92.25,0,0,0
13607.0,1,288,675.51,675.51,0,0,0
13610.0,7,488,1082.33,154.6185714285714,0,0,0
13611.0,3,754,1154.4,384.8,0,0,0
13614.0,4,564,1585.46,396.365,0,0,0
13615.0,1,189,417.69,417.69,0,0,0
13617.0,3,300,544.18,181.39333333333332,0,0,0
13618.0,1,246,177.34,177.34,0,0,0
13621.0,1,343,213.85,213.85,0,0,0
13623.0,5,286,727.74,145.548,0,0,0
13626.0,1,209,257.23,257.23,0,0,0
13627.0,5,1269,1638.47,327.694,0,0,0
13629.0,11,4372,7792.36,708.3963636363636,0,0,0
13630.0,7,1391,2031.78,290.2542857142857,0,0,0
13631.0,11,467,3070.42,279.1290909090909,0,0,0
13632.0,5,1031,2118.93,423.78599999999994,0,0,0
13634.0,5,700,1547.3600000000001,309.47200000000004,0,0,0
13635.0,1,677,1071.03,1071.03,0,0,0
13636.0,5,592,949.12,189.824,0,0,0
13637.0,3,405,804.3,268.09999999999997,0,0,0
13638.0,1,93,122.64,122.64,0,0,0
13639.0,1,800,1033.34,1033.34,0,0,0
13642.0,1,151,312.28,312.28,0,0,0
13643.0,3,273,519.44,173.14666666666668,0,0,0
13644.0,4,2067,2624.26,656.065,0,0,0
13645.0,1,158,252.1,252.1,0,0,0
13647.0,4,887,1648.1200000000001,412.03000000000003,0,0,0
13649.0,2,139,346.6,173.3,0,0,0
13650.0,6,922,1836.34,306.0566666666667,0,0,0
13651.0,2,33,94.2,47.1,0,0,0
13652.0,3,578,1095.08,365.02666666666664,0,0,0
13654.0,6,2182,2707.33,451.22166666666664,0,0,0
13655.0,2,605,932.97,466.485,0,0,0
13656.0,2,490,379.65,189.825,0,0,0
13657.0,2,209,382.14,191.07,0,0,0
13658.0,5,1019,2639.17,527.8340000000001,0,0,0
13659.0,2,882,1563.0,781.5,0,0,0
13662.0,3,533,881.26,293.75333333333333,0,0,0
13663.0,1,91,189.47,189.47,0,0,0
13666.0,3,41,84.65,28.21666666666667,0,0,0
13667.0,1,149,299.05,299.05,0,0,0
13668.0,21,3722,6309.83,300.46809523809526,0,0,0
13669.0,2,237,218.55,109.275,0,0,0
13670.0,1,282,349.7,349.7,0,0,0
13672.0,2,57,186.39000000000001,93.19500000000001,0,0,0
13673.0,2,114,387.44,193.72,0,0,0
13675.0,2,330,486.82000000000005,243.41000000000003,0,0,0
13678.0,1,924,232.6,232.6,0,0,0
13680.0,4,1934,3719.12,929.78,0,0,0
13681.0,4,360,827.83,206.9575,0,0,0
13682.0,1,10,59.5,59.5,0,0,0
13684.0,1,38,65.13,65.13,0,0,0
13685.0,7,5056,3119.44,445.63428571428574,0,0,0
13686.0,1,70,72.0,72.0,0,0,0
13689.0,1,512,910.0,910.0,0,0,0
13690.0,1,67,172.25,172.25,0,0,0
13692.0,3,1226,1488.32,496.1066666666666,0,0,0
13694.0,50,63312,65039.62,1300.7924,2,1,-1
13695.0,15,1603,2504.13,166.942,0,0,0
13697.0,1,177,151.29999999999998,151.29999999999998,0,0,0
13699.0,1,66,308.58000000000004,308.58000000000004,0,0,0
13700.0,10,2281,2248.63,224.863,0,0,0
13703.0,1,10,99.5,99.5,0,0,0
13704.0,9,1531,2308.06,256.4511111111111,0,0,0
13705.0,3,363,711.86,237.28666666666666,0,0,0
13706.0,1,189,330.79,330.79,0,0,0
13707.0,2,351,806.41,403.205,0,0,0
13708.0,1,301,285.33,285.33,0,0,0
13709.0,13,3508,6307.650000000001,485.2038461538462,0,0,0
13710.0,1,176,180.48,180.48,0,0,0
13711.0,2,140,252.06,126.03,0,0,0
13712.0,1,352,228.84,228.84,0,0,0
13715.0,5,562,1077.39,215.478,0,0,0
13716.0,1,138,138.28,138.28,0,0,0
13717.0,6,1959,1445.01,240.835,0,0,0
13718.0,2,173,306.55,153.275,0,0,0
13719.0,5,609,1041.68,208.336,0,0,0
13720.0,4,501,799.9,199.975,0,0,0
13721.0,1,316,524.14,524.14,0,0,0
13722.0,3,1401,2375.41,791.8033333333333,0,0,0
13723.0,1,43,199.85000000000002,199.85000000000002,0,0,0
13725.0,8,806,1980.56,247.57,0,0,0
13726.0,2,1054,1079.6599999999999,539.8299999999999,0,0,0
13727.0,2,162,333.48,166.74,0,0,0
13728.0,6,458,1016.14,169.35666666666665,0,0,0
13730.0,2,488,752.6,376.3,0,0,0
13731.0,2,278,610.59,305.295,0,0,0
13732.0,1,498,491.86,491.86,0,0,0
13735.0,4,1128,2883.54,720.885,0,0,0
13736.0,2,496,729.8,364.9,0,0,0
13737.0,1,125,339.59999999999997,339.59999999999997,0,0,0
13739.0,1,54,216.9,216.9,0,0,0
13740.0,1,425,350.75,350.75,0,0,0
13741.0,3,218,668.4300000000001,222.81000000000003,0,0,0
13742.0,12,1115,3107.87,258.9891666666667,0,0,0
13743.0,7,1776,1341.6,191.65714285714284,0,0,0
13744.0,2,1153,1080.52,540.26,0,0,0
13745.0,1,496,300.04,300.04,0,0,0
13747.0,1,8,79.6,79.6,0,0,0
13748.0,5,439,948.25,189.65,0,0,0
13750.0,5,516,1647.26,329.452,0,0,0
13751.0,1,152,296.25,296.25,0,0,0
13752.0,6,874,1175.38,195.89666666666668,0,0,0
13753.0,1,512,741.26,741.26,0,0,0
13754.0,2,214,282.59999999999997,141.29999999999998,0,0,0
13755.0,9,1242,2108.06,234.2288888888889,0,0,0
13756.0,14,3188,5189.52,370.68,0,0,0
13758.0,7,1844,3190.55,455.79285714285714,0,0,0
13759.0,2,287,659.4100000000001,329.70500000000004,0,0,0
13760.0,2,197,286.79,143.395,0,0,0
13761.0,2,642,1070.65,535.325,0,0,0
13762.0,1,272,306.72,306.72,0,0,0
13763.0,1,728,1714.96,1714.96,0,0,0
13764.0,3,926,1519.42,506.47333333333336,0,0,0
13767.0,37,7322,17220.36,465.41513513513513,2,0,-1
13769.0,10,1163,2796.51,279.651,0,0,0
13771.0,4,1477,2634.45,658.6125,0,0,0
13772.0,3,540,1122.63,374.21000000000004,0,0,0
13774.0,1,192,345.0,345.0,0,0,0
13777.0,33,12897,25977.16,787.1866666666666,2,0,-1
13778.0,1,70,178.7,178.7,0,0,0
13780.0,2,318,360.01,180.005,0,0,0
13781.0,1,30,127.84,127.84,0,0,0
13782.0,6,369,908.86,151.47666666666666,0,0,0
13784.0,11,2493,2462.79,223.89,0,0,0
13786.0,1,136,230.39999999999998,230.39999999999998,0,0,0
13787.0,2,337,309.04,154.52,0,0,0
13790.0,1,748,348.8,348.8,0,0,0
13791.0,2,1200,1516.0,758.0,0,0,0
13792.0,2,92,195.55,97.775,0,0,0
13798.0,57,23948,37153.85,651.8219298245614,2,3,-1
13799.0,2,402,688.86,344.43,0,0,0
13800.0,1,331,558.32,558.32,0,0,0
13801.0,1,168,324.8,324.8,0,0,0
13802.0,3,2572,4599.42,1533.14,0,0,0
13803.0,1,121,277.07,277.07,0,0,0
13804.0,7,1462,2588.39,369.77,0,0,0
13805.0,2,1900,924.6,462.3,0,0,0
13806.0,1,56,256.38,256.38,0,0,0
13807.0,1,36,112.6,112.6,0,0,0
13808.0,5,782,1747.66,349.53200000000004,0,0,0
13809.0,1,29,155.05,155.05,0,0,0
13810.0,3,312,1499.01,499.67,0,0,0
13811.0,3,68,814.5,271.5,0,0,0
13812.0,3,333,539.0,179.66666666666666,0,0,0
13813.0,4,552,1366.8600000000001,341.71500000000003,0,0,0
13814.0,2,864,1579.12,789.56,0,0,0
13815.0,4,2560,4027.36,1006.84,0,0,0
13816.0,2,269,571.6700000000001,285.83500000000004,0,0,0
13817.0,2,211,382.98,191.49,0,0,0
13819.0,3,1109,1140.35,380.1166666666666,0,0,0
13821.0,2,153,385.64,192.82,0,0,0
13822.0,2,611,632.0,316.0,0,0,0
13823.0,2,439,957.66,478.83,0,0,0
13824.0,5,768,1698.94,339.788,0,0,0
13826.0,1,82,189.5,189.5,0,0,0
13827.0,3,138,409.8,136.6,0,0,0
13828.0,1,311,209.49,209.49,0,0,0
13831.0,6,743,2198.45,366.4083333333333,0,0,0
13832.0,1,28,52.199999999999996,52.199999999999996,0,0,0
13833.0,1,117,383.85,383.85,0,0,0
13835.0,4,442,834.57,208.6425,0,0,0
13837.0,2,182,266.59000000000003,133.29500000000002,0,0,0
13838.0,4,254,674.82,168.705,0,0,0
13841.0,1,100,85.0,85.0,0,0,0
13842.0,9,1768,3385.62,376.18,0,0,0
13844.0,1,196,361.62,361.62,0,0,0
13845.0,1,182,312.98,312.98,0,0,0
13846.0,3,388,865.0600000000001,288.35333333333335,0,0,0
13848.0,3,3700,1255.0,418.3333333333333,0,0,0
13849.0,2,1016,1537.95,768.975,0,0,0
13850.0,1,944,1595.48,1595.48,0,0,0
13851.0,3,1705,2651.46,883.82,0,0,0
13853.0,1,312,1090.14,1090.14,0,0,0
13854.0,25,2296,8109.5199999999995,324.38079999999997,0,0,0
13856.0,3,494,388.5,129.5,0,0,0
13858.0,1,75,216.17,216.17,0,0,0
13859.0,1,129,201.16,201.16,0,0,0
13860.0,5,591,1245.9,249.18,0,0,0
13862.0,8,1688,2209.36,276.17,0,0,0
13863.0,1,224,305.78,305.78,0,0,0
13865.0,4,204,501.56,125.39,0,0,0
13866.0,1,57,145.67000000000002,145.67000000000002,0,0,0
13867.0,3,501,1005.09,335.03000000000003,0,0,0
13868.0,2,1964,3192.54,1596.27,0,0,0
13869.0,4,1709,3083.65,770.9125,0,0,0
13870.0,8,1325,2770.94,346.3675,0,0,0
13871.0,13,2806,6403.25,492.5576923076923,0,0,0
13873.0,3,140,389.6,129.86666666666667,0,0,0
13874.0,1,180,540.45,540.45,0,0,0
13875.0,5,1316,1786.79,357.358,0,0,0
13876.0,1,36,122.7,122.7,0,0,0
13877.0,1,108,117.24,117.24,0,0,0
13878.0,1,463,1271.57,1271.57,0,0,0
13880.0,13,1842,3219.77,247.67461538461538,0,0,0
13881.0,20,10118,17159.52,857.976,0,0,-1
13882.0,5,953,1191.13,238.22600000000003,0,0,0
13883.0,5,1436,2674.48,534.896,0,0,0
13884.0,5,300,787.6,157.52,0,0,0
13885.0,2,182,506.8,253.4,0,0,0
13886.0,1,126,243.56,243.56,0,0,0
13887.0,1,147,349.55,349.55,0,0,0
13888.0,2,254,595.67,297.835,0,0,0
13889.0,1,146,416.90000000000003,416.90000000000003,0,0,0
13890.0,10,831,1883.8100000000002,188.38100000000003,0,0,0
13892.0,4,983,632.97,158.2425,0,0,0
13893.0,1,190,821.1,821.1,0,0,0
13894.0,3,354,564.62,188.20666666666668,0,0,0
13895.0,4,1365,2593.07,648.2675,0,0,0
13897.0,1,200,311.16,311.16,0,0,0
13898.0,1,133,155.93,155.93,0,0,0
13899.0,2,156,388.52,194.26,0,0,0
13900.0,3,430,740.95,246.98333333333335,0,0,0
13901.0,5,1739,2867.2,573.4399999999999,0,0,0
13904.0,2,332,332.64,166.32,0,0,0
13908.0,4,1478,2369.55,592.3875,0,0,0
13911.0,9,2731,2580.91,286.7677777777778,0,0,0
13914.0,2,380,626.45,313.225,0,0,0
13917.0,2,228,272.04,136.02,0,0,0
13918.0,2,1140,1212.8400000000001,606.4200000000001,0,0,0
13919.0,2,474,384.81,192.405,0,0,0
13922.0,1,93,172.25,172.25,0,0,0
13923.0,1,185,351.13,351.13,0,0,0
13924.0,6,1575,1838.8500000000001,306.475,0,0,0
13925.0,4,331,678.25,169.5625,0,0,0
13926.0,1,104,223.85000000000002,223.85000000000002,0,0,0
13927.0,1,214,348.99,348.99,0,0,0
13928.0,4,129,464.57,116.1425,0,0,0
13929.0,2,143,842.65,421.325,0,0,0
13930.0,2,274,337.34,168.67,0,0,0
13931.0,2,725,1237.53,618.765,0,0,0
13932.0,1,72,307.4,307.4,0,0,0
13933.0,2,205,608.7900000000001,304.39500000000004,0,0,0
13934.0,1,390,922.1,922.1,0,0,0
13936.0,1,330,376.58,376.58,0,0,0
13937.0,1,123,158.85,158.85,0,0,0
13938.0,1,70,71.66,71.66,0,0,0
13939.0,3,847,568.55,189.51666666666665,0,0,0
13940.0,4,516,839.14,209.785,0,0,0
13941.0,5,2364,5112.96,1022.592,0,0,0
13946.0,3,443,561.5699999999999,187.18999999999997,0,0,0
13947.0,1,44,90.6,90.6,0,0,0
13948.0,1,40,102.0,102.0,0,0,0
13949.0,6,2474,2427.32,404.55333333333334,0,0,0
13950.0,4,323,745.06,186.265,0,0,0
13951.0,3,459,674.45,224.8166666666667,0,0,0
13952.0,2,1431,3251.071,1625.5355,0,0,0
13953.0,7,2724,3515.68,502.23999999999995,0,0,0
13954.0,2,150,439.92,219.96,0,0,0
13955.0,2,154,322.96,161.48,0,0,0
13956.0,5,486,1019.27,203.85399999999998,0,0,0
13959.0,3,355,594.04,198.01333333333332,0,0,0
13960.0,2,142,230.22,115.11,0,0,0
13962.0,2,87,169.55,84.775,0,0,0
13963.0,4,460,664.54,166.135,0,0,0
13967.0,1,42,80.7,80.7,0,0,0
13969.0,18,4528,9024.17,501.34277777777777,0,0,0
13971.0,8,1844,2758.26,344.7825,0,0,0
13972.0,2,187,190.25,95.125,0,0,0
13973.0,1,109,264.7,264.7,0,0,0
13974.0,1,249,413.59000000000003,413.59000000000003,0,0,0
13975.0,6,1697,2461.2400000000002,410.2066666666667,0,0,0
13976.0,1,154,357.98,357.98,0,0,0
13978.0,2,315,196.79000000000002,98.39500000000001,0,0,0
13979.0,1,639,869.87,869.87,0,0,0
13980.0,1,172,200.14,200.14,0,0,0
13982.0,4,1136,1871.81,467.9525,0,0,0
13983.0,12,1183,2603.43,216.9525,0,0,0
13984.0,5,679,920.51,184.102,0,0,0
13985.0,15,3445,7060.13,470.67533333333336,0,0,0
13986.0,1,430,320.46,320.46,0,0,0
13988.0,6,3044,4147.96,691.3266666666667,0,0,0
13989.0,2,1313,1266.08,633.04,0,0,0
13990.0,1,190,311.3,311.3,0,0,0
13991.0,6,995,852.88,142.14666666666668,0,0,0
13992.0,1,64,76.8,76.8,0,0,0
13993.0,9,900,3466.36,385.1511111111111,0,0,0
13994.0,6,932,2274.14,379.0233333333333,0,0,0
13995.0,5,879,1393.69,278.738,0,0,0
13999.0,12,2243,3901.81,325.1508333333333,0,0,0
14000.0,1,710,635.66,635.66,0,0,0
14001.0,3,962,2043.0800000000002,681.0266666666668,0,0,0
14002.0,2,877,529.73,264.865,0,0,0
14004.0,7,2668,4582.64,654.6628571428572,0,0,0
14005.0,5,2478,2874.72,574.944,0,0,0
14006.0,3,641,962.19,320.73,0,0,0
14009.0,2,365,695.61,347.805,0,0,0
14012.0,1,160,328.8,328.8,0,0,0
14013.0,3,462,473.02,157.67333333333332,0,0,0
14014.0,1,1076,505.18,505.18,0,0,0
14015.0,1,378,917.34,917.34,0,0,0
14016.0,4,2125,4341.21,1085.3025,0,0,0
14019.0,3,1037,1421.61,473.86999999999995,0,0,0
14020.0,2,441,642.8,321.4,0,0,0
14021.0,3,192,631.9,210.63333333333333,0,0,0
14022.0,1,487,440.0,440.0,0,0,0
14023.0,2,345,584.07,292.035,0,0,0
14024.0,2,150,327.7,163.85,0,0,0
14027.0,1,62,104.82,104.82,0,0,0
14029.0,2,198,467.66,233.83,0,0,0
14030.0,8,1478,2358.84,294.855,0,0,0
14031.0,19,5788,17286.86,909.8347368421053,0,0,0
14032.0,11,2032,2975.59,270.5081818181818,0,0,0
14034.0,3,420,648.89,216.29666666666665,0,0,0
14035.0,5,739,1428.02,285.604,0,0,0
14036.0,1,268,626.65,626.65,0,0,0
14037.0,2,46,147.20000000000002,73.60000000000001,0,0,0
14038.0,3,965,1560.38,520.1266666666667,0,0,0
14039.0,1,92,152.2,152.2,0,0,0
14040.0,12,1544,3560.32,296.6933333333333,0,0,0
14041.0,1,94,141.41,141.41,0,0,0
14044.0,4,304,646.42,161.605,0,0,0
14045.0,4,535,1659.75,414.9375,0,0,0
14046.0,1,460,154.99,154.99,0,0,0
14047.0,5,381,1308.6100000000001,261.72200000000004,0,0,0
14048.0,1,288,409.93,409.93,0,0,0
14049.0,4,3808,5578.72,1394.68,0,0,0
14050.0,2,689,746.36,373.18,0,0,0
14051.0,23,3756,15610.390000000001,678.7126086956522,0,0,0
14052.0,1,89,225.36,225.36,0,0,0
14053.0,2,215,260.25,130.125,0,0,0
14054.0,1,62,92.46,92.46,0,0,0
14055.0,1,216,725.6400000000001,725.6400000000001,0,0,0
14056.0,23,4252,8152.71,354.46565217391304,0,0,0
14057.0,17,4873,6211.66,365.39176470588234,0,0,0
14059.0,1,128,183.6,183.6,0,0,0
14060.0,19,5386,6140.42,323.18,0,0,0
14062.0,12,5593,10464.85,872.0708333333333,0,0,0
14064.0,5,1772,1334.34,266.868,0,0,0
14066.0,1,45,152.55,152.55,0,0,0
14067.0,2,361,374.7,187.35,0,0,0
14068.0,1,73,265.85,265.85,0,0,0
14071.0,8,994,1437.57,179.69625,0,0,0
14073.0,1,130,151.04,151.04,0,0,0
14075.0,3,754,942.26,314.08666666666664,0,0,0
14076.0,1,79,118.67,118.67,0,0,0
14077.0,5,268,499.41999999999996,99.88399999999999,0,0,0
14078.0,6,310,1049.37,174.89499999999998,0,0,0
14079.0,1,301,375.1,375.1,0,0,0
14080.0,1,48,45.599999999999994,45.599999999999994,0,0,0
14081.0,2,592,921.62,460.81,0,0,0
14082.0,1,110,182.25,182.25,0,0,0
14083.0,9,705,1002.9,111.43333333333334,0,0,0
14085.0,18,3177,4421.29,245.62722222222223,0,0,0
14087.0,1,250,191.47,191.47,0,0,0
14088.0,13,12665,50491.81,3883.9853846153846,2,3,-1
14089.0,1,133,158.75,158.75,0,0,0
14090.0,1,72,76.32000000000001,76.32000000000001,0,0,0
14092.0,14,2066,4076.91,291.2078571428571,0,0,0
14093.0,1,391,433.86,433.86,0,0,0
14096.0,17,16352,65164.79,3833.2229411764706,2,3,-1
14098.0,1,104,147.35,147.35,0,0,0
14099.0,11,2179,3104.17,282.1972727272727,0,0,0
14100.0,1,63,191.95000000000002,191.95000000000002,0,0,0
14101.0,6,6942,5976.79,996.1316666666667,0,0,0
14102.0,5,769,1105.8799999999999,221.176,0,0,0
14104.0,2,72,216.20999999999998,108.10499999999999,0,0,0
14105.0,1,800,1266.23,1266.23,0,0,0
14107.0,7,1793,2703.23,386.17571428571426,0,0,0
14108.0,2,381,597.91,298.955,0,0,0
14109.0,1,88,144.2,144.2,0,0,0
14110.0,12,2445,5683.15,473.5958333333333,0,0,0
14111.0,4,458,692.85,173.2125,0,0,0
14112.0,7,1651,2915.15,416.45,0,0,0
14113.0,4,745,1840.42,460.105,0,0,0
14114.0,2,101,386.53,193.265,0,0,0
14116.0,5,707,1382.74,276.548,0,0,0
14117.0,1,72,90.0,90.0,0,0,0
14121.0,4,2082,2780.15,695.0375,0,0,0
14124.0,1,1618,419.58000000000004,419.58000000000004,0,0,0
14125.0,3,1628,2720.63,906.8766666666667,0,0,0
14126.0,3,508,706.1300000000001,235.3766666666667,0,0,0
14127.0,3,321,709.71,236.57000000000002,0,0,0
14128.0,2,564,637.5,318.75,0,0,0
14129.0,5,592,1123.8600000000001,224.77200000000002,0,0,0
14130.0,1,257,480.91,480.91,0,0,0
14132.0,11,3368,3586.0299999999997,326.00272727272727,0,0,0
14133.0,3,348,605.64,201.88,0,0,0
14135.0,15,3850,4690.31,312.68733333333336,0,0,0
14138.0,2,600,965.8800000000001,482.94000000000005,0,0,0
14139.0,1,510,415.82,415.82,0,0,0
14140.0,2,811,935.05,467.525,0,0,0
14141.0,4,355,915.13,228.7825,0,0,0
14142.0,1,313,311.81,311.81,0,0,0
14143.0,1,30,115.8,115.8,0,0,0
14145.0,4,756,3742.2,935.55,0,0,0
14146.0,5,2437,4191.0,838.2,0,0,0
14147.0,2,108,483.4,241.7,0,0,0
14148.0,1,16,157.2,157.2,0,0,0
14149.0,1,218,446.62,446.62,0,0,0
14150.0,2,496,658.64,329.32,0,0,0
14152.0,2,711,621.29,310.645,0,0,0
14154.0,2,465,1345.62,672.81,0,0,0
14155.0,1,25,118.75,118.75,0,0,0
14156.0,55,57768,117210.08,2131.0923636363636,3,1,-1
14157.0,2,271,424.89000000000004,212.44500000000002,0,0,0
14158.0,1,781,507.66,507.66,0,0,0
14159.0,11,4348,4630.35,420.94090909090914,0,0,0
14161.0,3,450,1097.6200000000001,365.8733333333334,0,0,0
14162.0,2,142,289.36,144.68,0,0,0
14163.0,4,893,2445.91,611.4775,0,0,0
14164.0,2,1033,1631.77,815.885,0,0,0
14165.0,1,53,120.44,120.44,0,0,0
14167.0,4,147,562.59,140.6475,0,0,0
14171.0,1,167,363.79,363.79,0,0,0
14173.0,4,150,450.84,112.71,0,0,0
14174.0,1,94,134.46,134.46,0,0,0
14175.0,3,1515,3222.3,1074.1000000000001,0,0,0
14176.0,4,209,576.9000000000001,144.22500000000002,0,0,0
14177.0,4,204,549.46,137.365,0,0,0
14178.0,7,1494,1600.26,228.60857142857142,0,0,0
14179.0,2,319,701.57,350.785,0,0,0
14180.0,25,719,4748.52,189.94080000000002,0,0,0
14184.0,1,127,452.89,452.89,0,0,0
14185.0,1,6,197.65,197.65,0,0,0
14188.0,6,1162,2054.36,342.3933333333334,0,0,0
14189.0,15,3937,4654.08,310.272,0,0,0
14191.0,13,3662,4684.76,360.36615384615385,0,0,0
14193.0,2,445,853.39,426.695,0,0,0
14194.0,21,5840,11349.52,540.4533333333334,0,0,0
14195.0,2,760,1012.0,506.0,0,0,0
14196.0,1,142,335.52,335.52,0,0,0
14198.0,4,290,701.4,175.35,0,0,0
14199.0,1,28,185.39999999999998,185.39999999999998,0,0,0
14201.0,7,590,747.44,106.77714285714286,0,0,0
14204.0,1,72,150.61,150.61,0,0,0
14205.0,2,204,466.7,233.35,0,0,0
14206.0,1,276,328.15999999999997,328.15999999999997,0,0,0
14208.0,1,114,151.74,151.74,0,0,0
14209.0,6,691,2073.43,345.57166666666666,0,0,0
14210.0,6,760,1905.8400000000001,317.64000000000004,0,0,0
14211.0,9,1242,2241.1,249.0111111111111,0,0,0
14212.0,1,1152,1070.48,1070.48,0,0,0
14214.0,5,751,1004.38,200.876,0,0,0
14215.0,6,1358,1789.72,298.2866666666667,0,0,0
14216.0,4,594,1839.3,459.825,0,0,0
14217.0,17,689,2004.98,117.94,0,0,0
14218.0,1,160,169.48000000000002,169.48000000000002,0,0,0
14219.0,1,78,89.94,89.94,0,0,0
14220.0,2,272,632.4,316.2,0,0,0
14221.0,9,2191,3432.8,381.4222222222222,0,0,0
14222.0,1,607,683.17,683.17,0,0,0
14223.0,3,585,991.13,330.37666666666667,0,0,0
14224.0,4,483,1009.73,252.4325,0,0,0
14226.0,5,1296,2214.79,442.95799999999997,0,0,0
14227.0,10,1820,3350.96,335.096,0,0,0
14229.0,3,610,1547.2,515.7333333333333,0,0,0
14231.0,3,409,925.71,308.57,0,0,0
14232.0,5,1941,2048.07,409.61400000000003,0,0,0
14233.0,4,680,1462.72,365.68,0,0,0
14234.0,4,951,754.12,188.53,0,0,0
14235.0,5,1959,3144.86,628.972,0,0,0
14236.0,2,310,490.86,245.43,0,0,0
14237.0,1,38,161.0,161.0,0,0,0
14238.0,1,111,146.85,146.85,0,0,0
14239.0,11,993,2380.85,216.4409090909091,0,0,0
14240.0,2,418,890.34,445.17,0,0,0
14241.0,1,146,213.70000000000002,213.70000000000002,0,0,0
14242.0,2,123,280.55,140.275,0,0,0
14243.0,10,1221,2588.77,258.877,0,0,0
14245.0,2,976,1693.45,846.725,0,0,0
14246.0,3,804,1474.06,491.3533333333333,0,0,0
14247.0,1,47,136.76999999999998,136.76999999999998,0,0,0
14248.0,1,102,302.58,302.58,0,0,0
14250.0,3,1200,1904.05,634.6833333333333,0,0,0
14251.0,5,1674,2879.7000000000003,575.94,0,0,0
14256.0,2,414,969.0600000000001,484.53000000000003,0,0,0
14257.0,5,1682,3099.7200000000003,619.9440000000001,0,0,0
14258.0,9,7100,12669.98,1407.7755555555555,0,0,0
14259.0,1,68,120.0,120.0,0,0,0
14261.0,2,406,1163.45,581.725,0,0,0
14262.0,8,1645,2618.23,327.27875,0,0,0
14264.0,2,70,333.97,166.985,0,0,0
14265.0,2,330,530.18,265.09,0,0,0
14267.0,3,530,1516.24,505.41333333333336,0,0,0
14270.0,1,197,492.65000000000003,492.65000000000003,0,0,0
14271.0,1,88,112.32,112.32,0,0,0
14272.0,2,599,437.96,218.98,0,0,0
14273.0,4,264,559.97,139.9925,0,0,0
14276.0,3,744,1119.74,373.24666666666667,0,0,0
14277.0,3,1976,4188.0,1396.0,0,0,0
14280.0,1,52,134.04,134.04,0,0,0
14282.0,15,2656,3701.44,246.76266666666666,0,0,0
14284.0,2,161,595.25,297.625,0,0,0
14285.0,4,541,1910.01,477.5025,0,0,0
14286.0,3,4338,4628.75,1542.9166666666667,0,0,0
14287.0,3,261,176.63,58.876666666666665,0,0,0
14288.0,1,188,426.6,426.6,0,0,0
14289.0,6,292,911.26,151.87666666666667,0,0,0
14290.0,5,915,2314.65,462.93,0,0,0
14291.0,11,2749,3883.25,353.02272727272725,0,0,0
14292.0,9,1663,4871.93,541.3255555555556,0,0,0
14293.0,4,709,1046.56,261.64,0,0,0
14295.0,1,84,166.20000000000002,166.20000000000002,0,0,0
14297.0,4,865,1305.33,326.3325,0,0,0
14298.0,44,58343,51527.3,1171.075,2,1,-1
14299.0,9,2149,3965.62,440.6244444444444,0,0,0
14300.0,1,32,43.2,43.2,0,0,0
14301.0,1,606,640.14,640.14,0,0,0
14304.0,1,139,383.45,383.45,0,0,0
14305.0,3,1089,1858.96,619.6533333333333,0,0,0
14306.0,2,1075,2093.32,1046.66,0,0,0
14307.0,6,2058,2995.72,499.28666666666663,0,0,0
14309.0,9,1633,2352.53,261.39222222222224,0,0,0
14311.0,1,146,310.26,310.26,0,0,0
14312.0,6,1012,1611.59,268.5983333333333,0,0,0
14314.0,1,296,120.0,120.0,0,0,0
14315.0,6,1021,2481.13,413.5216666666667,0,0,0
14317.0,1,255,508.58000000000004,508.58000000000004,0,0,0
14320.0,2,325,477.79,238.895,0,0,0
14321.0,5,2406,1530.75,306.15,0,0,0
14323.0,2,350,605.0600000000001,302.53000000000003,0,0,0
14326.0,1,103,183.85,183.85,0,0,0
14327.0,1,139,311.65,311.65,0,0,0
14329.0,7,3087,4975.24,710.7485714285714,0,0,0
14331.0,2,252,462.65999999999997,231.32999999999998,0,0,0
14332.0,3,463,840.21,280.07,0,0,0
14333.0,1,58,415.2,415.2,0,0,0
14334.0,8,1731,2552.21,319.02625,0,0,0
14335.0,2,375,454.86,227.43,0,0,0
14336.0,4,1759,1614.91,403.7275,0,0,0
14338.0,2,335,588.22,294.11,0,0,0
14339.0,1,168,309.52,309.52,0,0,0
14340.0,1,58,134.7,134.7,0,0,0
14341.0,8,1397,2166.98,270.8725,0,0,0
14342.0,4,347,668.5600000000001,167.14000000000001,0,0,0
14344.0,8,477,889.9300000000001,111.24125000000001,0,0,0
14345.0,1,50,108.97999999999999,108.97999999999999,0,0,0
14346.0,2,605,1021.58,510.79,0,0,0
14348.0,1,183,409.57,409.57,0,0,0
14349.0,1,86,133.5,133.5,0,0,0
14350.0,1,183,282.93,282.93,0,0,0
14351.0,1,12,51.0,51.0,0,0,0
14352.0,4,538,1078.96,269.74,0,0,0
14353.0,1,64,90.6,90.6,0,0,0
14354.0,2,210,163.62,81.81,0,0,0
14355.0,1,92,174.4,174.4,0,0,0
14356.0,2,277,701.23,350.615,0,0,0
14357.0,1,147,225.12,225.12,0,0,0
14359.0,3,371,912.18,304.06,0,0,0
14360.0,4,1139,2118.03,529.5075,0,0,0
14362.0,1,96,151.5,151.5,0,0,0
14364.0,8,1967,3717.35,464.66875,0,0,0
14367.0,16,4426,9227.82,576.73875,0,0,0
14368.0,1,36,155.0,155.0,0,0,0
14371.0,1,34,100.5,100.5,0,0,0
14373.0,1,17,76.55,76.55,0,0,0
14375.0,1,184,235.56,235.56,0,0,0
14377.0,2,219,617.05,308.525,0,0,0
14379.0,2,292,348.1,174.05,0,0,0
14381.0,1,146,202.68,202.68,0,0,0
14382.0,1,1231,615.49,615.49,0,0,0
14383.0,3,817,1247.69,415.8966666666667,0,0,0
14385.0,3,159,202.11,67.37,0,0,0
14386.0,1,54,142.4,142.4,0,0,0
14387.0,3,795,1727.6,575.8666666666667,0,0,0
14388.0,8,1941,3212.84,401.605,0,0,0
14389.0,2,729,1043.46,521.73,0,0,0
14390.0,9,2133,4642.57,515.8411111111111,0,0,0
14393.0,1,13,67.95,67.95,0,0,0
14395.0,9,1689,3479.91,386.65666666666664,0,0,0
14396.0,2,225,487.99,243.995,0,0,0
14397.0,19,1890,2612.96,137.52421052631578,0,0,0
14400.0,1,454,574.7,574.7,0,0,0
14401.0,13,4507,4051.48,311.6523076923077,0,0,0
14403.0,4,519,1475.81,368.9525,0,0,0
14404.0,6,827,1449.32,241.5533333333333,0,0,0
14406.0,1,77,156.75,156.75,0,0,0
14407.0,6,1415,2157.73,359.62166666666667,0,0,0
14408.0,7,1610,2599.03,371.29,0,0,0
14409.0,6,1230,2059.4500000000003,343.24166666666673,0,0,0
14410.0,9,567,1100.27,122.25222222222222,0,0,0
14411.0,1,196,1063.0,1063.0,0,0,0
14412.0,2,786,770.03,385.015,0,0,0
14413.0,1,67,121.05,121.05,0,0,0
14414.0,7,2512,1496.98,213.8542857142857,0,0,0
14415.0,13,2996,5855.57,450.42846153846153,0,0,0
14416.0,2,326,490.22,245.11,0,0,0
14418.0,3,1711,1937.25,645.75,0,0,0
14419.0,6,483,1051.79,175.29833333333332,0,0,0
14420.0,1,334,387.52,387.52,0,0,0
14421.0,2,365,813.11,406.555,0,0,0
14422.0,6,2906,4263.64,710.6066666666667,0,0,0
14423.0,1,120,265.2,265.2,0,0,0
14424.0,1,48,322.08,322.08,0,0,0
14426.0,10,2699,4481.67,448.16700000000003,0,0,0
14427.0,2,228,363.34000000000003,181.67000000000002,0,0,0
14428.0,5,428,1224.06,244.81199999999998,0,0,0
14431.0,1,130,470.36,470.36,0,0,0
14432.0,6,2013,2248.5,374.75,0,0,0
14434.0,6,368,1372.8,228.79999999999998,0,0,0
14436.0,1,129,89.06,89.06,0,0,0
14437.0,1,60,63.0,63.0,0,0,0
14438.0,1,82,131.9,131.9,0,0,0
14439.0,1,526,2661.24,2661.24,0,0,0
14440.0,5,588,2357.6800000000003,471.53600000000006,0,0,0
14441.0,4,446,1712.89,428.2225,0,0,0
14442.0,2,482,1589.82,794.91,0,0,0
14443.0,4,938,1420.2,355.05,0,0,0
14446.0,4,916,1010.35,252.5875,0,0,0
14447.0,5,571,1163.23,232.64600000000002,0,0,0
14448.0,2,104,375.35,187.675,0,0,0
14449.0,4,741,885.8,221.45,0,0,0
14450.0,3,241,483.25,161.08333333333334,0,0,0
14451.0,2,378,643.9,321.95,0,0,0
14452.0,2,116,259.05,129.525,0,0,0
14453.0,1,49,119.93,119.93,0,0,0
14456.0,9,2885,3017.28,335.25333333333333,0,0,0
14457.0,1,88,113.64,113.64,0,0,0
14459.0,1,760,1837.92,1837.92,0,0,0
14460.0,3,881,434.34,144.78,0,0,0
14461.0,3,766,2103.06,701.02,0,0,0
14462.0,11,956,1980.57,180.05181818181816,0,0,0
14463.0,3,179,529.62,176.54,0,0,0
14465.0,3,398,1038.44,346.1466666666667,0,0,0
14466.0,7,1006,2272.4,324.62857142857143,0,0,0
14467.0,4,276,596.26,149.065,0,0,0
14470.0,2,193,461.19,230.595,0,0,0
14472.0,8,1135,1852.67,231.58375,0,0,0
14473.0,2,88,234.34000000000003,117.17000000000002,0,0,0
14474.0,1,140,547.66,547.66,0,0,0
14475.0,3,447,925.85,308.6166666666667,0,0,0
14476.0,1,110,193.0,193.0,0,0,0
14477.0,4,720,1309.6,327.4,0,0,0
14479.0,2,117,316.25,158.125,0,0,0
14480.0,1,143,279.05,279.05,0,0,0
14481.0,2,489,636.51,318.255,0,0,0
14482.0,6,1627,2022.81,337.135,0,0,0
14483.0,1,97,137.1,137.1,0,0,0
14484.0,1,210,321.92,321.92,0,0,0
14485.0,1,70,162.8,162.8,0,0,0
14487.0,6,712,1165.48,194.24666666666667,0,0,0
14488.0,1,799,1064.28,1064.28,0,0,0
14489.0,1,299,463.38,463.38,0,0,0
14491.0,2,139,340.93,170.465,0,0,0
14493.0,5,1285,2383.2400000000002,476.648,0,0,0
14494.0,1,92,139.56,139.56,0,0,0
14495.0,2,62,123.8,61.9,0,0,0
14496.0,2,159,538.8100000000001,269.40500000000003,0,0,0
14497.0,1,235,475.37,475.37,0,0,0
14498.0,5,1098,1957.32,391.464,0,0,0
14499.0,3,496,808.44,269.48,0,0,0
14500.0,3,117,356.85,118.95,0,0,0
14501.0,2,161,251.21,125.605,0,0,0
14502.0,11,1480,2429.83,220.89363636363635,0,0,0
14503.0,6,2004,3543.26,590.5433333333334,0,0,0
14504.0,4,308,673.26,168.315,0,0,0
14505.0,8,2739,5859.43,732.42875,0,0,0
14506.0,5,704,1960.65,392.13,0,0,0
14507.0,6,594,1367.88,227.98000000000002,0,0,0
14508.0,2,129,268.05,134.025,0,0,0
14511.0,5,784,1314.81,262.962,0,0,0
14512.0,2,122,275.28,137.64,0,0,0
14513.0,3,361,455.59000000000003,151.86333333333334,0,0,0
14514.0,3,564,990.2,330.06666666666666,0,0,0
14515.0,6,1110,2076.89,346.1483333333333,0,0,0
14517.0,2,91,330.45,165.225,0,0,0
14518.0,1,278,174.37,174.37,0,0,0
14520.0,2,146,270.6,135.3,0,0,0
14522.0,4,525,974.54,243.635,0,0,0
14523.0,1,251,241.09,241.09,0,0,0
14524.0,9,669,1843.83,204.87,0,0,0
14525.0,9,2637,4215.9,468.4333333333333,0,0,0
14527.0,55,2088,8507.13,154.6750909090909,2,0,-1
14528.0,1,278,364.21999999999997,364.21999999999997,0,0,0
14529.0,3,325,578.61,192.87,0,0,0
14530.0,6,1395,2862.11,477.0183333333334,0,0,0
14532.0,4,284,932.85,233.2125,0,0,0
14533.0,7,4019,1949.72,278.5314285714286,0,0,0
14534.0,18,2027,4397.3,244.29444444444445,0,0,0
14535.0,3,1824,2854.84,951.6133333333333,0,0,0
14536.0,1,39,170.95,170.95,0,0,0
14537.0,1,120,355.56,355.56,0,0,0
14538.0,2,155,388.25,194.125,0,0,0
14539.0,2,428,537.48,268.74,0,0,0
14540.0,3,411,952.66,317.55333333333334,0,0,0
14541.0,8,641,1453.35,181.66875,0,0,0
14542.0,1,19,103.25,103.25,0,0,0
14543.0,16,675,3599.73,224.983125,0,0,0
14544.0,2,1536,2004.3,1002.15,0,0,0
14546.0,5,1313,2573.93,514.786,0,0,0
14547.0,8,2639,3974.75,496.84375,0,0,0
14548.0,2,256,652.8,326.4,0,0,0
14549.0,1,136,289.24,289.24,0,0,0
14550.0,2,389,757.37,378.685,0,0,0
14551.0,2,106,186.23,93.115,0,0,0
14552.0,1,90,164.22,164.22,0,0,0
14553.0,5,493,859.27,171.85399999999998,0,0,0
14554.0,4,1443,2279.4900000000002,569.8725000000001,0,0,0
14555.0,2,122,312.54,156.27,0,0,0
14557.0,1,510,788.38,788.38,0,0,0
14560.0,22,1260,2237.77,101.71681818181818,0,0,0
14561.0,3,1014,1080.76,360.25333333333333,0,0,0
14562.0,18,1815,5006.77,278.1538888888889,0,0,0
14565.0,4,1540,3099.12,774.78,0,0,0
14566.0,1,800,1432.0,1432.0,0,0,0
14567.0,2,412,1530.3600000000001,765.1800000000001,0,0,0
14569.0,1,79,227.39,227.39,0,0,0
14570.0,2,95,218.06,109.03,0,0,0
14572.0,7,1420,2804.54,400.6485714285714,0,0,0
14573.0,9,534,1639.82,182.20222222222222,0,0,0
14576.0,1,12,35.400000000000006,35.400000000000006,0,0,0
14577.0,4,353,859.71,214.9275,0,0,0
14578.0,1,240,168.63,168.63,0,0,0
14581.0,1,217,138.6,138.6,0,0,0
14582.0,1,73,114.11,114.11,0,0,0
14583.0,5,751,986.96,197.392,0,0,0
14584.0,4,381,1033.06,258.265,0,0,0
14585.0,1,91,157.05,157.05,0,0,0
14586.0,1,444,237.36,237.36,0,0,0
14587.0,9,749,1580.29,175.58777777777777,0,0,0
14589.0,1,5,39.75,39.75,0,0,0
14591.0,4,1228,1320.21,330.0525,0,0,0
14592.0,3,407,557.94,185.98000000000002,0,0,0
14593.0,3,330,617.15,205.71666666666667,0,0,0
14594.0,2,183,363.33,181.665,0,0,0
14595.0,6,978,1740.6,290.09999999999997,0,0,0
14597.0,2,566,866.24,433.12,0,0,0
14598.0,1,189,221.97,221.97,0,0,0
14600.0,1,125,393.33000000000004,393.33000000000004,0,0,0
14601.0,1,168,213.96,213.96,0,0,0
14603.0,1,400,660.0,660.0,0,0,0
14606.0,93,6187,12076.15,129.8510752688172,2,3,-1
14607.0,14,11526,16209.5,1157.8214285714287,0,0,-1
14608.0,4,437,1785.15,446.2875,0,0,0
14609.0,4,7026,601.56,150.39,0,0,-1
14616.0,3,104,406.08000000000004,135.36,0,0,0
14618.0,3,264,553.44,184.48000000000002,0,0,0
14619.0,1,152,394.44,394.44,0,0,0
14620.0,2,214,412.78000000000003,206.39000000000001,0,0,0
14621.0,5,993,1788.3600000000001,357.672,0,0,0
14622.0,1,146,320.58000000000004,320.58000000000004,0,0,0
14623.0,5,418,886.7,177.34,0,0,0
14624.0,2,162,225.85,112.925,0,0,0
14625.0,2,335,899.63,449.815,0,0,0
14626.0,4,1403,2791.27,697.8175,0,0,0
14628.0,2,272,671.96,335.98,0,0,0
14629.0,2,378,955.26,477.63,0,0,0
14631.0,3,622,1006.98,335.66,0,0,0
14632.0,1,96,114.56,114.56,0,0,0
14633.0,1,96,344.90000000000003,344.90000000000003,0,0,0
14636.0,2,241,609.85,304.925,0,0,0
14638.0,1,166,443.6,443.6,0,0,0
14639.0,6,1431,2984.49,497.41499999999996,0,0,0
14640.0,6,880,2107.38,351.23,0,0,0
14641.0,1,90,110.46,110.46,0,0,0
14642.0,1,76,96.12,96.12,0,0,0
14643.0,2,815,693.8100000000001,346.90500000000003,0,0,0
14644.0,2,258,830.76,415.38,0,0,0
14645.0,2,381,597.09,298.545,0,0,0
14646.0,73,196915,280206.02,3838.4386301369864,3,1,-1
14647.0,1,91,236.04000000000002,236.04000000000002,0,0,0
14649.0,4,1004,1402.59,350.6475,0,0,0
14651.0,2,343,653.75,326.875,0,0,0
14652.0,1,53,114.18,114.18,0,0,0
14653.0,7,945,1926.65,275.2357142857143,0,0,0
14655.0,4,1089,1932.23,483.0575,0,0,0
14656.0,2,120,291.05,145.525,0,0,0
14657.0,4,466,848.22,212.055,0,0,0
14658.0,2,47,247.15,123.575,0,0,0
14659.0,9,1195,2529.93,281.1033333333333,0,0,0
14660.0,2,228,285.74,142.87,0,0,0
14661.0,1,35,107.95,107.95,0,0,0
14662.0,4,578,741.37,185.3425,0,0,0
14664.0,2,465,636.24,318.12,0,0,0
14665.0,5,740,1835.7,367.14,0,0,0
14666.0,1,161,195.25,195.25,0,0,0
14667.0,25,5319,9175.04,367.00160000000005,0,0,0
14669.0,3,770,1259.24,419.74666666666667,0,0,0
14670.0,2,326,392.86,196.43,0,0,0
14672.0,2,454,765.55,382.775,0,0,0
14673.0,5,1004,1736.4,347.28000000000003,0,0,0
14675.0,1,336,596.36,596.36,0,0,0
14676.0,6,2500,2548.2400000000002,424.7066666666667,0,0,0
14680.0,16,13476,28754.11,1797.131875,2,3,-1
14681.0,3,76,498.95,166.31666666666666,0,0,0
14682.0,2,80,52.0,26.0,0,0,0
14684.0,5,821,1201.51,240.302,0,0,0
14687.0,1,470,628.38,628.38,0,0,0
14688.0,21,3584,5579.1,265.6714285714286,0,0,0
14689.0,1,76,112.8,112.8,0,0,0
14690.0,2,167,355.05,177.525,0,0,0
14691.0,5,707,2114.33,422.866,0,0,0
14692.0,4,265,591.55,147.8875,0,0,0
14693.0,1,34,172.9,172.9,0,0,0
14696.0,7,1630,2078.95,296.99285714285713,0,0,0
14697.0,2,181,188.60999999999999,94.30499999999999,0,0,0
14698.0,5,602,1217.27,243.454,0,0,0
14699.0,1,77,109.13000000000001,109.13000000000001,0,0,0
14700.0,3,1314,2195.1,731.6999999999999,0,0,0
14701.0,9,921,2526.09,280.6766666666667,0,0,0
14702.0,17,1439,3251.79,191.28176470588235,0,0,0
14703.0,1,183,318.17,318.17,0,0,0
14704.0,9,1043,1493.96,165.99555555555557,0,0,0
14705.0,1,100,179.0,179.0,0,0,0
14708.0,3,621,1126.37,375.45666666666665,0,0,0
14709.0,13,2484,4921.04,378.54153846153844,0,0,0
14710.0,4,375,599.48,149.87,0,0,0
14711.0,11,966,2839.62,258.1472727272727,0,0,0
14712.0,3,315,917.07,305.69,0,0,0
14713.0,11,1613,2662.2,242.0181818181818,0,0,0
14714.0,1,229,160.19,160.19,0,0,0
14715.0,4,521,867.38,216.845,0,0,0
14716.0,2,495,307.51,153.755,0,0,0
14719.0,5,1025,1581.84,316.368,0,0,0
14720.0,3,219,663.81,221.26999999999998,0,0,0
14722.0,1,118,180.42000000000002,180.42000000000002,0,0,0
14723.0,6,673,1122.3600000000001,187.06000000000003,0,0,0
14725.0,1,588,655.58,655.58,0,0,0
14727.0,1,62,268.58,268.58,0,0,0
14729.0,1,197,313.49,313.49,0,0,0
14730.0,8,1078,1897.57,237.19625,0,0,0
14731.0,3,256,380.02,126.67333333333333,0,0,0
14732.0,8,1405,2702.4900000000002,337.81125000000003,0,0,0
14733.0,12,3764,9585.91,798.8258333333333,0,0,0
14735.0,32,2264,6065.69,189.5528125,0,0,-1
14737.0,3,345,1164.55,388.18333333333334,0,0,0
14738.0,7,601,1314.45,187.77857142857144,0,0,0
14739.0,7,3820,3902.28,557.4685714285714,0,0,0
14740.0,3,735,1448.21,482.7366666666667,0,0,0
14741.0,6,841,1400.34,233.39,0,0,0
14744.0,7,627,1099.98,157.14000000000001,0,0,0
14745.0,5,1038,1220.26,244.052,0,0,0
14747.0,1,84,328.2,328.2,0,0,0
14748.0,5,1223,1415.75,283.15,0,0,0
14752.0,1,260,389.64,389.64,0,0,0
14753.0,1,211,563.15,563.15,0,0,0
14754.0,2,486,638.05,319.025,0,0,0
14755.0,11,2219,5010.28,455.47999999999996,0,0,0
14756.0,1,416,738.96,738.96,0,0,0
14757.0,1,160,420.5,420.5,0,0,0
14758.0,4,419,1484.06,371.015,0,0,0
14759.0,3,569,1625.97,541.99,0,0,0
14760.0,1,40,89.2,89.2,0,0,0
14761.0,2,118,255.9,127.95,0,0,0
14762.0,1,341,300.52,300.52,0,0,0
14764.0,1,190,278.3,278.3,0,0,0
14765.0,3,135,254.11,84.70333333333333,0,0,0
14766.0,6,1349,2473.37,412.2283333333333,0,0,0
14768.0,2,52,192.60000000000002,96.30000000000001,0,0,0
14769.0,8,7239,10416.98,1302.1225,0,0,0
14770.0,2,490,876.42,438.21,0,0,0
14772.0,1,82,139.26,139.26,0,0,0
14775.0,3,1174,1011.9,337.3,0,0,0
14776.0,11,3134,2538.3,230.75454545454548,0,0,0
14778.0,2,306,730.86,365.43,0,0,0
14779.0,3,84,386.15,128.71666666666667,0,0,0
14780.0,2,310,447.68,223.84,0,0,0
14782.0,1,114,200.10000000000002,200.10000000000002,0,0,0
14784.0,2,237,289.99,144.995,0,0,0
14785.0,2,84,77.4,38.7,0,0,0
14788.0,2,421,679.4399999999999,339.71999999999997,0,0,0
14789.0,1,116,197.64,197.64,0,0,0
14790.0,4,699,745.06,186.265,0,0,0
14792.0,1,2,6.2,6.2,0,0,0
14793.0,1,91,228.99,228.99,0,0,0
14794.0,7,673,1319.91,188.55857142857144,0,0,0
14795.0,1,17,131.45000000000002,131.45000000000002,0,0,0
14796.0,17,5995,7975.49,469.1464705882353,0,0,0
14798.0,3,150,173.74,57.913333333333334,0,0,0
14799.0,1,146,157.7,157.7,0,0,0
14800.0,12,3644,4331.79,360.9825,0,0,0
14801.0,1,173,189.34,189.34,0,0,0
14803.0,3,370,845.55,281.84999999999997,0,0,0
14804.0,1,121,353.27,353.27,0,0,0
14805.0,4,114,546.4,136.6,0,0,0
14806.0,1,330,193.39000000000001,193.39000000000001,0,0,0
14808.0,8,2120,2718.6,339.825,0,0,0
14810.0,11,1015,2085.33,189.57545454545453,0,0,0
14813.0,2,66,152.88,76.44,0,0,0
14815.0,2,744,778.5,389.25,0,0,0
14816.0,1,5,271.85,271.85,0,0,0
14817.0,2,655,1110.34,555.17,0,0,0
14818.0,3,324,657.8,219.26666666666665,0,0,0
14819.0,2,109,272.07,136.035,0,0,0
14820.0,4,253,507.29,126.8225,0,0,0
14821.0,1,20,48.800000000000004,48.800000000000004,0,0,0
14823.0,3,88,321.43,107.14333333333333,0,0,0
14824.0,4,525,1127.71,281.9275,0,0,0
14825.0,12,989,2221.01,185.08416666666668,0,0,0
14828.0,3,2172,2139.76,713.2533333333334,0,0,0
14829.0,4,452,697.55,174.3875,0,0,0
14830.0,1,164,188.88,188.88,0,0,0
14834.0,6,734,1720.3,286.71666666666664,0,0,0
14836.0,3,45,102.44999999999999,34.15,0,0,0
14837.0,4,1436,1649.5,412.375,0,0,0
14840.0,1,31,62.85,62.85,0,0,0
14841.0,6,1778,3295.76,549.2933333333334,0,0,0
14842.0,4,1166,2824.69,706.1725,0,0,0
14844.0,4,1833,3189.81,797.4525,0,0,0
14847.0,1,120,309.4,309.4,0,0,0
14849.0,25,5694,7930.54,317.2216,0,0,0
14850.0,1,293,325.75,325.75,0,0,0
14851.0,2,325,511.35,255.675,0,0,0
14852.0,6,1747,2836.69,472.7816666666667,0,0,0
14853.0,2,82,475.8,237.9,0,0,0
14854.0,7,1820,2740.03,391.4328571428572,0,0,0
14855.0,2,267,645.65,322.825,0,0,0
14856.0,3,711,1290.53,430.1766666666667,0,0,0
14857.0,2,464,1173.12,586.56,0,0,0
14859.0,4,671,1353.74,338.435,0,0,0
14860.0,1,232,170.32,170.32,0,0,0
14861.0,1,117,125.79,125.79,0,0,0
14862.0,2,772,841.1999999999999,420.59999999999997,0,0,0
14863.0,1,132,266.76,266.76,0,0,0
14865.0,2,108,52.2,26.1,0,0,0
14866.0,12,6752,14389.9,1199.1583333333333,0,0,0
14867.0,3,328,710.28,236.76,0,0,0
14868.0,8,1405,2953.59,369.19875,0,0,0
14869.0,2,549,721.45,360.725,0,0,0
14870.0,1,119,327.25,327.25,0,0,0
14871.0,4,179,501.28000000000003,125.32000000000001,0,0,0
14873.0,1,168,519.68,519.68,0,0,0
14875.0,2,558,1465.3200000000002,732.6600000000001,0,0,0
14878.0,9,799,1476.09,164.01,0,0,0
14880.0,3,365,690.59,230.1966666666667,0,0,0
14881.0,1,316,255.4,255.4,0,0,0
14882.0,2,158,589.7,294.85,0,0,0
14883.0,6,790,761.59,126.93166666666667,0,0,0
14885.0,1,724,765.3199999999999,765.3199999999999,0,0,0
14886.0,1,160,364.8,364.8,0,0,0
14887.0,1,1100,1862.0,1862.0,0,0,0
14888.0,1,184,369.2,369.2,0,0,0
14889.0,1,90,135.9,135.9,0,0,0
14890.0,1,51,125.65,125.65,0,0,0
14891.0,2,505,554.38,277.19,0,0,0
14893.0,2,799,1237.8500000000001,618.9250000000001,0,0,0
14894.0,1,265,655.75,655.75,0,0,0
14895.0,20,4851,11138.710000000001,556.9355,0,0,0
14896.0,2,279,468.77000000000004,234.38500000000002,0,0,0
14897.0,4,468,1366.38,341.595,0,0,0
14898.0,6,1001,1269.31,211.55166666666665,0,0,0
14901.0,9,661,1421.29,157.92111111111112,0,0,0
14902.0,1,218,332.66,332.66,0,0,0
14903.0,5,1531,2795.33,559.066,0,0,0
14904.0,2,1985,1025.44,512.72,0,0,0
14905.0,2,287,616.15,308.075,0,0,0
14907.0,7,1691,3501.1,500.15714285714284,0,0,0
14908.0,1,132,277.8,277.8,0,0,0
14910.0,4,238,434.35,108.5875,0,0,0
14911.0,201,80240,143711.17,714.980945273632,3,1,-1
14912.0,2,971,867.85,433.925,0,0,0
14913.0,4,1743,1227.43,306.8575,0,0,0
14915.0,2,112,307.48,153.74,0,0,0
14916.0,4,1136,1268.98,317.245,0,0,0
14918.0,2,675,1610.15,805.075,0,0,0
14920.0,2,509,977.77,488.885,0,0,0
14921.0,2,953,1316.07,658.035,0,0,0
14923.0,1,418,749.1,749.1,0,0,0
14924.0,1,64,310.05,310.05,0,0,0
14929.0,1,136,223.88,223.88,0,0,0
14930.0,3,1160,2362.96,787.6533333333333,0,0,0
14931.0,5,417,1257.68,251.536,0,0,0
14932.0,1,80,363.53,363.53,0,0,0
14934.0,2,1042,1890.94,945.47,0,0,0
14935.0,1,935,1784.71,1784.71,0,0,0
14936.0,8,4085,8137.02,1017.1275,0,0,0
14937.0,3,484,1621.88,540.6266666666667,0,0,0
14944.0,12,2815,5900.25,491.6875,0,0,0
14946.0,1,22,100.9,100.9,0,0,0
14947.0,2,179,290.82,145.41,0,0,0
14948.0,6,673,1101.97,183.66166666666666,0,0,0
14950.0,1,136,371.2,371.2,0,0,0
14951.0,1,311,311.69,311.69,0,0,0
14952.0,11,3355,8099.49,736.3172727272727,0,0,0
14953.0,1,224,285.67,285.67,0,0,0
14954.0,1,117,294.85,294.85,0,0,0
14957.0,1,34,58.49,58.49,0,0,0
14958.0,3,128,483.72999999999996,161.2433333333333,0,0,0
14959.0,4,494,695.42,173.855,0,0,0
14960.0,2,221,221.27,110.635,0,0,0
14961.0,9,3708,7044.68,782.7422222222223,0,0,0
14962.0,1,44,126.7,126.7,0,0,0
14963.0,5,1159,1472.34,294.46799999999996,0,0,0
14964.0,1,143,206.21,206.21,0,0,0
14965.0,2,363,596.09,298.045,0,0,0
14966.0,1,179,183.02,183.02,0,0,0
14967.0,1,140,463.8,463.8,0,0,0
14968.0,1,127,147.59,147.59,0,0,0
14970.0,4,250,1592.06,398.015,0,0,0
14971.0,3,639,1097.98,365.99333333333334,0,0,0
14972.0,1,28,114.77,114.77,0,0,0
14973.0,3,369,1314.45,438.15000000000003,0,0,0
14974.0,1,37,89.94,89.94,0,0,0
14975.0,1,380,279.94,279.94,0,0,0
14976.0,7,234,790.86,112.98,0,0,0
14978.0,5,523,1921.3700000000001,384.274,0,0,0
14981.0,1,97,102.12,102.12,0,0,0
14984.0,2,58,202.37,101.185,0,0,0
14985.0,2,256,292.01,146.005,0,0,0
14987.0,2,128,326.4,163.2,0,0,0
14988.0,1,141,334.54,334.54,0,0,0
14995.0,2,102,231.98000000000002,115.99000000000001,0,0,0
14997.0,3,1120,546.1999999999999,182.06666666666663,0,0,0
14998.0,2,258,414.87,207.435,0,0,0
15000.0,1,218,490.52,490.52,0,0,0
15002.0,4,862,1641.76,410.44,0,0,0
15004.0,1,623,1220.77,1220.77,0,0,0
15005.0,28,4230,6295.37,224.83464285714285,0,0,0
15006.0,1,286,480.38,480.38,0,0,0
15007.0,1,69,156.91,156.91,0,0,0
15009.0,3,639,1259.43,419.81,0,0,0
15010.0,1,184,308.94,308.94,0,0,0
15012.0,2,225,405.04,202.52,0,0,0
15014.0,2,149,257.67,128.835,0,0,0
15016.0,1,76,170.04,170.04,0,0,0
15017.0,1,63,125.58,125.58,0,0,0
15018.0,3,189,496.21000000000004,165.40333333333334,0,0,0
15019.0,1,150,252.81,252.81,0,0,0
15021.0,9,819,1871.77,207.97444444444443,0,0,0
15022.0,4,527,852.39,213.0975,0,0,0
15023.0,11,2827,6720.41,610.9463636363636,0,0,0
15024.0,10,902,1636.43,163.643,0,0,0
15025.0,1,184,361.96,361.96,0,0,0
15026.0,3,285,469.0,156.33333333333334,0,0,0
15027.0,4,565,1066.1499999999999,266.53749999999997,0,0,0
15028.0,4,459,627.13,156.7825,0,0,0
15030.0,2,372,518.28,259.14,0,0,0
15031.0,4,400,653.19,163.2975,0,0,0
15032.0,3,2968,4959.1,1653.0333333333335,0,0,0
15033.0,10,1672,2557.18,255.718,0,0,0
15034.0,8,2413,4274.16,534.27,0,0,0
15035.0,1,245,252.73000000000002,252.73000000000002,0,0,0
15036.0,3,316,429.56,143.18666666666667,0,0,0
15038.0,6,212,685.74,114.29,0,0,0
15039.0,47,9131,19766.59,420.5657446808511,2,0,-1
15041.0,1,103,179.93,179.93,0,0,0
15042.0,1,30,135.93,135.93,0,0,0
15043.0,1,300,537.0,537.0,0,0,0
15044.0,17,2785,7634.7300000000005,449.1017647058824,0,0,0
15045.0,2,114,735.66,367.83,0,0,0
15046.0,15,3372,5090.42,339.36133333333333,0,0,0
15047.0,1,222,343.62,343.62,0,0,0
15048.0,4,192,381.0,95.25,0,0,0
15049.0,1,63,121.17000000000002,121.17000000000002,0,0,0
15050.0,3,1216,1737.69,579.23,0,0,0
15051.0,3,1010,1383.3600000000001,461.12000000000006,0,0,0
15052.0,1,79,207.73000000000002,207.73000000000002,0,0,0
15053.0,3,984,693.95,231.3166666666667,0,0,0
15054.0,2,198,302.1,151.05,0,0,0
15057.0,2,668,1489.5,744.75,0,0,0
15058.0,11,1054,2102.54,191.14,0,0,0
15059.0,9,604,1337.72,148.63555555555556,0,0,0
15060.0,4,257,294.25,73.5625,0,0,0
15061.0,48,28920,54534.14,1136.1279166666666,2,3,-1
15062.0,4,763,987.86,246.965,0,0,0
15063.0,1,56,370.79999999999995,370.79999999999995,0,0,0
15065.0,4,1383,3158.13,789.5325,0,0,0
15066.0,1,317,893.59,893.59,0,0,0
15067.0,3,954,1744.76,581.5866666666667,0,0,0
15068.0,2,364,553.36,276.68,0,0,0
15069.0,1,520,1109.53,1109.53,0,0,0
15070.0,1,36,106.2,106.2,0,0,0
15071.0,2,269,982.07,491.035,0,0,0
15073.0,3,491,1043.41,347.80333333333334,0,0,0
15074.0,1,431,735.67,735.67,0,0,0
15075.0,1,447,773.03,773.03,0,0,0
15076.0,1,571,880.85,880.85,0,0,0
15078.0,32,5105,9743.11,304.4721875,0,0,0
15079.0,4,389,895.61,223.9025,0,0,0
15081.0,5,190,504.8,100.96000000000001,0,0,0
15083.0,1,38,88.2,88.2,0,0,0
15087.0,1,470,306.94,306.94,0,0,0
15088.0,2,460,1160.07,580.035,0,0,0
15089.0,6,1359,2420.84,403.47333333333336,0,0,0
15090.0,1,208,381.32,381.32,0,0,0
15091.0,1,346,480.71,480.71,0,0,0
15092.0,2,135,457.81,228.905,0,0,0
15093.0,6,3760,4597.02,766.1700000000001,0,0,0
15095.0,4,1079,1370.6,342.65,0,0,0
15096.0,1,120,219.39000000000001,219.39000000000001,0,0,0
15097.0,1,170,248.08,248.08,0,0,0
15098.0,3,121,39916.5,13305.5,0,3,-1
15099.0,1,343,410.48,410.48,0,0,0
15100.0,3,80,876.0,292.0,0,0,0
15101.0,2,241,317.53,158.765,0,0,0
15103.0,2,329,703.36,351.68,0,0,0
15104.0,2,635,993.54,496.77,0,0,0
15105.0,7,1211,2298.93,328.4185714285714,0,0,0
15106.0,5,1181,1422.52,284.504,0,0,0
15107.0,6,169,319.5,53.25,0,0,0
15108.0,4,499,1300.25,325.0625,0,0,0
15109.0,1,131,484.95,484.95,0,0,0
15110.0,4,246,996.1,249.025,0,0,0
15111.0,3,710,1567.48,522.4933333333333,0,0,0
15113.0,3,2344,3509.43,1169.81,0,0,0
15114.0,10,3096,2760.56,276.056,0,0,0
15115.0,1,157,340.11,340.11,0,0,0
15116.0,4,648,1352.75,338.1875,0,0,0
15117.0,5,1948,1551.78,310.356,0,0,0
15118.0,1,1440,244.8,244.8,0,0,0
15119.0,1,88,266.4,266.4,0,0,0
15120.0,1,296,358.82,358.82,0,0,0
15121.0,2,199,457.72,228.86,0,0,0
15122.0,3,800,1633.78,544.5933333333334,0,0,0
15123.0,2,1195,2199.31,1099.655,0,0,0
15124.0,2,233,184.19,92.095,0,0,0
15125.0,15,6193,11528.48,768.5653333333333,0,0,0
15127.0,1,251,406.53,406.53,0,0,0
15128.0,4,1343,1471.0,367.75,0,0,0
15129.0,11,1794,3447.4,313.40000000000003,0,0,0
15130.0,1,197,330.11,330.11,0,0,0
15132.0,5,679,977.9300000000001,195.586,0,0,0
15133.0,3,680,982.42,327.4733333333333,0,0,0
15134.0,8,887,1387.99,173.49875,0,0,0
15135.0,1,43,139.05,139.05,0,0,0
15136.0,4,776,1286.7,321.675,0,0,0
15139.0,2,208,178.96,89.48,0,0,0
15140.0,7,1572,2354.25,336.32142857142856,0,0,0
15142.0,1,365,498.74,498.74,0,0,0
15143.0,1,150,259.45,259.45,0,0,0
15144.0,17,3050,6580.44,387.0847058823529,0,0,0
15145.0,4,756,1194.73,298.6825,0,0,0
15146.0,2,1473,1327.16,663.58,0,0,0
15147.0,1,366,623.5,623.5,0,0,0
15148.0,1,187,301.29,301.29,0,0,0
15149.0,1,128,520.8000000000001,520.8000000000001,0,0,0
15150.0,10,3642,5291.33,529.133,0,0,0
15152.0,13,2704,4745.69,365.0530769230769,0,0,0
15153.0,1,198,329.25,329.25,0,0,0
15154.0,1,89,254.28,254.28,0,0,0
15156.0,3,597,961.49,320.49666666666667,0,0,0
15157.0,3,2392,1936.07,645.3566666666667,0,0,0
15158.0,1,198,401.40000000000003,401.40000000000003,0,0,0
15159.0,30,11441,18641.010000000002,621.3670000000001,2,0,1
15160.0,1,84,158.16,158.16,0,0,0
15163.0,2,186,304.47,152.235,0,0,0
15164.0,3,351,824.58,274.86,0,0,0
15165.0,1,160,487.75,487.75,0,0,0
15167.0,1,65,158.8,158.8,0,0,0
15168.0,1,52,106.56,106.56,0,0,0
15171.0,1,290,1289.5,1289.5,0,0,0
15172.0,5,1611,1624.05,324.81,0,0,0
15174.0,1,145,135.75,135.75,0,0,0
15175.0,1,454,224.14,224.14,0,0,0
15178.0,1,30,40.5,40.5,0,0,0
15179.0,5,1938,2206.95,441.39,0,0,0
15180.0,1,36,87.5,87.5,0,0,0
15181.0,3,544,689.4799999999999,229.82666666666663,0,0,0
15182.0,2,253,622.85,311.425,0,0,0
15184.0,2,199,402.2,201.1,0,0,0
15185.0,1,666,310.62,310.62,0,0,0
15186.0,2,215,411.41,205.705,0,0,0
15187.0,16,1887,4777.18,298.57375,0,0,0
15189.0,41,6149,16225.39,395.74121951219513,2,0,-1
15192.0,3,918,1044.32,348.1066666666666,0,0,0
15193.0,1,144,499.32,499.32,0,0,0
15194.0,15,5703,7616.53,507.76866666666666,0,0,0
15195.0,1,1404,3861.0,3861.0,0,0,-1
15197.0,3,469,1079.6100000000001,359.87000000000006,0,0,0
15198.0,2,120,193.64,96.82,0,0,0
15199.0,4,396,1268.7,317.175,0,0,0
15201.0,5,1210,1236.54,247.308,0,0,0
15203.0,6,1753,1827.8,304.6333333333333,0,0,0
15204.0,1,258,316.58,316.58,0,0,0
15205.0,2,378,653.24,326.62,0,0,0
15206.0,4,162,420.29999999999995,105.07499999999999,0,0,0
15208.0,5,316,870.12,174.024,0,0,0
15210.0,1,228,331.18,331.18,0,0,0
15211.0,2,240,894.4100000000001,447.20500000000004,0,0,0
15212.0,1,36,101.8,101.8,0,0,0
15213.0,2,272,328.35,164.175,0,0,0
15214.0,8,1254,1661.44,207.68,0,0,0
15215.0,3,225,734.94,244.98000000000002,0,0,0
15216.0,1,28,96.6,96.6,0,0,0
15218.0,11,3329,5756.89,523.3536363636364,0,0,0
15219.0,1,45,305.75,305.75,0,0,0
15220.0,6,1393,1778.96,296.49333333333334,0,0,0
15221.0,1,43,403.25,403.25,0,0,0
15222.0,1,440,585.0,585.0,0,0,0
15223.0,2,213,755.75,377.875,0,0,0
15224.0,2,152,322.08,161.04,0,0,0
15225.0,1,226,409.40000000000003,409.40000000000003,0,0,0
15226.0,1,71,154.41,154.41,0,0,0
15227.0,5,750,1219.4,243.88000000000002,0,0,0
15228.0,4,2255,3386.71,846.6775,0,0,0
15230.0,2,351,429.6,214.8,0,0,0
15232.0,2,686,612.06,306.03,0,0,0
15234.0,1,196,197.0,197.0,0,0,0
15235.0,12,1324,2247.51,187.29250000000002,0,0,0
15236.0,1,269,321.05,321.05,0,0,0
15237.0,4,1071,1412.32,353.08,0,0,0
15238.0,3,692,1071.99,357.33,0,0,0
15239.0,2,594,780.59,390.295,0,0,0
15240.0,5,1369,1706.57,341.31399999999996,0,0,0
15241.0,8,1818,1756.44,219.555,0,0,0
15243.0,1,185,316.68,316.68,0,0,0
15244.0,2,405,631.57,315.785,0,0,0
15245.0,3,1784,2515.84,838.6133333333333,0,0,0
15246.0,2,247,514.15,257.075,0,0,0
15247.0,1,160,356.0,356.0,0,0,0
15249.0,13,3577,6688.46,514.496923076923,0,0,0
15251.0,11,6171,10484.99,953.180909090909,0,0,0
15252.0,2,522,740.78,370.39,0,0,0
15253.0,5,866,918.1999999999999,183.64,0,0,0
15254.0,1,275,300.36,300.36,0,0,0
15255.0,1,489,890.85,890.85,0,0,0
15256.0,1,55,98.45,98.45,0,0,0
15257.0,1,46,317.15,317.15,0,0,0
15258.0,2,142,623.16,311.58,0,0,0
15260.0,7,885,1810.77,258.68142857142857,0,0,0
15261.0,1,270,254.82,254.82,0,0,0
15262.0,1,73,178.95000000000002,178.95000000000002,0,0,0
15263.0,1,89,156.51,156.51,0,0,0
15264.0,1,265,393.74,393.74,0,0,0
15265.0,2,612,1506.1200000000001,753.0600000000001,0,0,0
15266.0,1,18,119.3,119.3,0,0,0
15267.0,5,944,1717.36,343.472,0,0,0
15269.0,1,26,408.8,408.8,0,0,0
15270.0,7,1521,2379.49,339.9271428571428,0,0,0
15271.0,15,1251,2493.34,166.22266666666667,0,0,0
15272.0,2,310,721.94,360.97,0,0,0
15274.0,2,619,716.57,358.285,0,0,0
15275.0,1,498,615.14,615.14,0,0,0
15276.0,1,61,128.63,128.63,0,0,0
15277.0,1,205,255.89999999999998,255.89999999999998,0,0,0
15279.0,1,189,290.51,290.51,0,0,0
15280.0,1,154,113.12,113.12,0,0,0
15281.0,9,1211,2332.15,259.1277777777778,0,0,0
15286.0,1,55,240.55,240.55,0,0,0
15287.0,2,433,486.69,243.345,0,0,0
15288.0,5,775,2306.52,461.304,0,0,0
15289.0,3,1008,939.78,313.26,0,0,0
15290.0,18,4501,7943.22,441.29,0,0,0
15291.0,15,2103,4668.3,311.22,0,0,0
15292.0,1,55,178.39,178.39,0,0,0
15296.0,6,1766,3672.86,612.1433333333333,0,0,0
15297.0,3,292,641.94,213.98000000000002,0,0,0
15298.0,12,3116,4799.9,399.9916666666666,0,0,0
15299.0,7,2948,4507.01,643.8585714285715,0,0,0
15300.0,1,292,496.44,496.44,0,0,0
15301.0,12,2751,5049.95,420.82916666666665,0,0,0
15303.0,1,248,574.02,574.02,0,0,0
15304.0,8,104,694.4000000000001,86.80000000000001,0,0,0
15306.0,3,810,1174.35,391.45,0,0,0
15307.0,1,37,205.3,205.3,0,0,0
15308.0,1,175,310.47,310.47,0,0,0
15311.0,91,38147,60632.75,666.2939560439561,2,3,-1
15312.0,4,516,924.85,231.2125,0,0,0
15313.0,1,25,52.0,52.0,0,0,0
15314.0,1,313,327.97,327.97,0,0,0
15315.0,2,862,570.5,285.25,0,0,0
15316.0,1,100,165.0,165.0,0,0,0
15318.0,1,642,312.62,312.62,0,0,0
15319.0,1,175,204.5,204.5,0,0,0
15320.0,1,326,267.13,267.13,0,0,0
15321.0,3,1181,2748.31,916.1033333333334,0,0,0
15322.0,1,416,679.68,679.68,0,0,0
15325.0,1,231,161.74,161.74,0,0,0
15326.0,1,386,311.71,311.71,0,0,0
15327.0,1,116,208.75,208.75,0,0,0
15329.0,3,486,1049.7,349.90000000000003,0,0,0
15330.0,2,1312,714.96,357.48,0,0,0
15332.0,4,652,1661.06,415.265,0,0,0
15333.0,1,344,1028.56,1028.56,0,0,0
15334.0,3,273,350.82,116.94,0,0,0
15335.0,1,79,170.22,170.22,0,0,0
15339.0,2,416,574.07,287.035,0,0,0
15341.0,1,812,2020.52,2020.52,0,0,0
15342.0,1,283,406.09,406.09,0,0,0
15343.0,1,84,364.5,364.5,0,0,0
15344.0,3,116,563.94,187.98000000000002,0,0,0
15345.0,1,81,393.54,393.54,0,0,0
15346.0,1,144,252.42000000000002,252.42000000000002,0,0,0
15347.0,1,130,201.60000000000002,201.60000000000002,0,0,0
15348.0,1,84,158.04,158.04,0,0,0
15349.0,2,321,463.90999999999997,231.95499999999998,0,0,0
15350.0,1,51,115.65,115.65,0,0,0
15351.0,7,742,1934.66,276.38,0,0,0
15353.0,2,341,770.12,385.06,0,0,0
15355.0,2,45,277.05,138.525,0,0,0
15356.0,10,1643,2718.03,271.803,0,0,0
15358.0,22,7050,8347.2,379.41818181818184,0,0,0
15360.0,1,223,427.93,427.93,0,0,0
15361.0,1,336,418.92,418.92,0,0,0
15363.0,1,144,326.0,326.0,0,0,0
15364.0,2,493,913.19,456.595,0,0,0
15365.0,7,1084,2314.32,330.6171428571429,0,0,0
15366.0,2,621,602.51,301.255,0,0,0
15367.0,4,1057,1877.59,469.3975,0,0,0
15368.0,1,230,446.94000000000005,446.94000000000005,0,0,0
15370.0,7,830,2386.05,340.86428571428576,0,0,0
15372.0,1,2924,2007.3999999999999,2007.3999999999999,0,0,0
15373.0,12,500,2415.91,201.32583333333332,0,0,0
15374.0,1,126,168.0,168.0,0,0,0
15376.0,3,615,1221.56,407.18666666666667,0,0,0
15379.0,7,2305,3703.29,529.0414285714286,0,0,0
15380.0,5,376,1690.2600000000002,338.052,0,0,0
15381.0,2,171,596.85,298.425,0,0,0
15382.0,6,4012,5955.71,992.6183333333333,0,0,0
15384.0,2,596,642.41,321.205,0,0,0
15385.0,1,161,316.88,316.88,0,0,0
15386.0,1,446,394.14,394.14,0,0,0
15388.0,1,88,140.54,140.54,0,0,0
15389.0,1,400,500.0,500.0,0,0,0
15392.0,4,1277,1535.53,383.8825,0,0,0
15393.0,2,150,231.86,115.93,0,0,0
15394.0,4,910,2183.54,545.885,0,0,0
15395.0,1,17,107.45,107.45,0,0,0
15396.0,1,122,288.18,288.18,0,0,0
15397.0,1,20,94.0,94.0,0,0,0
15398.0,2,769,1345.53,672.765,0,0,0
15399.0,3,611,815.77,271.92333333333335,0,0,0
15400.0,5,390,716.2,143.24,0,0,0
15402.0,2,694,626.77,313.385,0,0,0
15405.0,1,193,349.1,349.1,0,0,0
15406.0,2,254,510.71000000000004,255.35500000000002,0,0,0
15407.0,4,552,1046.74,261.685,0,0,0
15408.0,1,106,267.18,267.18,0,0,0
15410.0,8,1200,3450.84,431.355,0,0,0
15411.0,4,529,1348.93,337.2325,0,0,0
15412.0,1,108,190.53,190.53,0,0,0
15414.0,3,443,774.9000000000001,258.3,0,0,0
15415.0,1,551,559.61,559.61,0,0,0
15416.0,4,2090,3984.32,996.08,0,0,0
15417.0,1,284,508.8,508.8,0,0,0
15419.0,1,230,135.86,135.86,0,0,0
15421.0,4,500,950.36,237.59,0,0,0
15422.0,2,38,97.7,48.85,0,0,0
15423.0,1,101,43.5,43.5,0,0,0
15424.0,2,554,383.34,191.67,0,0,0
15426.0,5,656,1404.07,280.81399999999996,0,0,0
15427.0,3,967,1430.54,476.84666666666664,0,0,0
15428.0,1,102,93.78,93.78,0,0,0
15429.0,2,380,397.35,198.675,0,0,0
15432.0,1,65,171.19,171.19,0,0,0
15433.0,2,534,533.3,266.65,0,0,0
15434.0,5,647,1041.48,208.296,0,0,0
15435.0,1,54,149.29,149.29,0,0,0
15436.0,3,574,1067.75,355.9166666666667,0,0,0
15437.0,1,79,200.16,200.16,0,0,0
15438.0,1,59,156.57999999999998,156.57999999999998,0,0,0
15440.0,3,197,383.68,127.89333333333333,0,0,0
15442.0,1,120,594.0,594.0,0,0,0
15443.0,7,1639,3213.59,459.0842857142857,0,0,0
15444.0,2,759,1411.21,705.605,0,0,0
15445.0,1,58,113.5,113.5,0,0,0
15447.0,1,85,155.17,155.17,0,0,0
15448.0,1,232,494.64,494.64,0,0,0
15449.0,3,812,974.52,324.84,0,0,0
15450.0,1,376,429.84,429.84,0,0,0
15452.0,3,280,528.48,176.16,0,0,0
15453.0,7,837,1371.77,195.96714285714285,0,0,0
15454.0,1,86,179.1,179.1,0,0,0
15456.0,3,633,434.59000000000003,144.86333333333334,0,0,0
15457.0,1,132,237.07,237.07,0,0,0
15458.0,1,156,161.64,161.64,0,0,0
15460.0,1,107,214.26,214.26,0,0,0
15462.0,3,172,234.6,78.2,0,0,0
15463.0,1,106,126.14,126.14,0,0,0
15464.0,1,348,1044.65,1044.65,0,0,0
15465.0,18,1257,7354.62,408.59,0,0,0
15466.0,1,246,334.53,334.53,0,0,0
15467.0,3,310,524.88,174.96,0,0,0
15468.0,2,155,467.51,233.755,0,0,0
15469.0,2,153,538.55,269.275,0,0,0
15471.0,1,256,454.48,454.48,0,0,0
15472.0,1,251,371.56,371.56,0,0,0
15473.0,7,672,1771.2,253.02857142857144,0,0,0
15475.0,1,319,454.10999999999996,454.10999999999996,0,0,0
15478.0,2,575,1399.92,699.96,0,0,0
15480.0,1,303,905.5,905.5,0,0,0
15482.0,12,5004,10879.76,906.6466666666666,0,0,0
15483.0,4,291,225.26,56.315,0,0,0
15484.0,4,3150,3590.41,897.6025,0,0,0
15485.0,3,1281,2564.5,854.8333333333334,0,0,0
15488.0,1,73,91.32000000000001,91.32000000000001,0,0,0
15489.0,3,608,1134.28,378.0933333333333,0,0,0
15491.0,6,1646,3100.09,516.6816666666667,0,0,0
15492.0,2,483,659.4599999999999,329.72999999999996,0,0,0
15493.0,5,551,1953.41,390.682,0,0,0
15494.0,2,1139,1280.58,640.29,0,0,0
15497.0,2,624,1262.2,631.1,0,0,0
15498.0,27,6105,13316.4,493.2,0,0,0
15500.0,4,572,1131.56,282.89,0,0,0
15502.0,12,4236,10384.93,865.4108333333334,0,0,0
15503.0,1,70,141.04,141.04,0,0,0
15504.0,1,33,52.83,52.83,0,0,0
15505.0,5,2390,3610.96,722.192,0,0,0
15506.0,3,842,972.08,324.0266666666667,0,0,0
15507.0,1,160,475.86,475.86,0,0,0
15508.0,6,440,1000.27,166.71166666666667,0,0,0
15510.0,1,2,250.0,250.0,0,0,0
15511.0,5,269,900.53,180.106,0,0,0
15512.0,2,68,121.0,60.5,0,0,0
15513.0,19,5709,14758.220000000001,776.7484210526317,0,0,0
15514.0,11,2098,4023.7200000000003,365.7927272727273,0,0,0
15516.0,3,27,62.43,20.81,0,0,0
15517.0,1,293,267.03,267.03,0,0,0
15518.0,8,1263,1921.55,240.19375,0,0,0
15520.0,1,314,343.5,343.5,0,0,0
15521.0,8,1836,3000.2,375.025,0,0,0
15522.0,2,572,397.99,198.995,0,0,0
15523.0,1,132,412.01000000000005,412.01000000000005,0,0,0
15524.0,1,4,440.0,440.0,0,0,0
15525.0,3,387,734.37,244.79,0,0,0
15526.0,2,24,148.44,74.22,0,0,0
15527.0,8,991,2428.53,303.56625,0,0,0
15528.0,1,123,229.33,229.33,0,0,0
15529.0,11,3455,3962.6,360.23636363636365,0,0,0
15530.0,4,938,1497.31,374.3275,0,0,0
15531.0,2,1085,1972.39,986.195,0,0,0
15532.0,4,515,1564.73,391.1825,0,0,0
15533.0,3,289,807.57,269.19,0,0,0
15535.0,4,135,502.9,125.725,0,0,0
15537.0,1,29,110.92,110.92,0,0,0
15539.0,1,410,538.46,538.46,0,0,0
15540.0,1,200,213.3,213.3,0,0,0
15541.0,1,49,85.13000000000001,85.13000000000001,0,0,0
15543.0,1,86,127.86,127.86,0,0,0
15544.0,9,3109,3546.71,394.0788888888889,0,0,0
15545.0,2,162,288.96999999999997,144.48499999999999,0,0,0
15547.0,14,3999,4910.6,350.75714285714287,0,0,0
15549.0,3,694,1681.46,560.4866666666667,0,0,0
15550.0,4,295,575.63,143.9075,0,0,0
15551.0,1,218,436.06,436.06,0,0,0
15552.0,1,60,90.12,90.12,0,0,0
15553.0,1,449,428.93,428.93,0,0,0
15554.0,1,74,217.2,217.2,0,0,0
15555.0,16,4427,4794.86,299.67875,0,0,0
15556.0,1,236,279.77,279.77,0,0,0
15557.0,1,213,468.91,468.91,0,0,0
15561.0,4,267,800.59,200.1475,0,0,0
15562.0,1,39,134.55,134.55,0,0,0
15563.0,4,1501,1400.44,350.11,0,0,0
15565.0,2,60,173.16,86.58,0,0,0
15567.0,1,223,186.01,186.01,0,0,0
15568.0,3,461,758.29,252.76333333333332,0,0,0
15569.0,5,666,1375.71,275.142,0,0,0
15570.0,12,2063,4148.82,345.73499999999996,0,0,0
15571.0,4,264,650.4300000000001,162.60750000000002,0,0,0
15572.0,7,1213,2533.42,361.9171428571429,0,0,0
15573.0,2,355,591.1899999999999,295.59499999999997,0,0,0
15574.0,4,332,675.64,168.91,0,0,0
15576.0,1,394,921.37,921.37,0,0,0
15577.0,3,89,258.88,86.29333333333334,0,0,0
15578.0,1,52,127.1,127.1,0,0,0
15579.0,2,117,327.6,163.8,0,0,0
15581.0,13,283,3675.77,282.7515384615385,0,0,0
15582.0,3,453,682.9100000000001,227.63666666666668,0,0,0
15584.0,4,313,720.86,180.215,0,0,0
15585.0,1,320,455.3,455.3,0,0,0
15587.0,4,312,913.6800000000001,228.42000000000002,0,0,0
15589.0,3,243,478.53000000000003,159.51000000000002,0,0,0
15592.0,1,354,388.58,388.58,0,0,0
15593.0,1,60,199.8,199.8,0,0,0
15594.0,5,983,1771.78,354.356,0,0,0
15596.0,5,561,1406.59,281.318,0,0,0
15597.0,1,279,324.57,324.57,0,0,0
15598.0,1,160,240.68,240.68,0,0,0
15599.0,2,718,761.74,380.87,0,0,0
15601.0,14,4983,6776.56,484.04,0,0,0
15602.0,9,1137,1297.8700000000001,144.20777777777778,0,0,0
15603.0,1,96,48.480000000000004,48.480000000000004,0,0,0
15604.0,1,159,216.39,216.39,0,0,0
15605.0,5,441,1198.23,239.64600000000002,0,0,0
15606.0,9,892,2920.16,324.4622222222222,0,0,0
15607.0,1,202,104.76,104.76,0,0,0
15608.0,4,714,1093.68,273.42,0,0,0
15609.0,1,148,298.48,298.48,0,0,0
15610.0,1,66,112.46000000000001,112.46000000000001,0,0,0
15611.0,13,504,1591.45,122.41923076923078,0,0,0
15612.0,2,52,195.15,97.575,0,0,0
15615.0,23,5508,10399.74,452.1626086956522,0,0,0
15618.0,4,454,776.851,194.21275,0,0,0
15619.0,1,136,336.40000000000003,336.40000000000003,0,0,0
15620.0,3,915,1553.18,517.7266666666667,0,0,0
15621.0,4,501,1293.03,323.2575,0,0,0
15622.0,9,1674,3709.56,412.17333333333335,0,0,0
15623.0,1,125,301.03,301.03,0,0,0
15624.0,4,357,588.13,147.0325,0,0,0
15625.0,4,1188,1534.26,383.565,0,0,0
15626.0,2,766,675.8,337.9,0,0,0
15628.0,9,1894,2870.2400000000002,318.91555555555556,0,0,0
15630.0,2,800,1186.35,593.175,0,0,0
15632.0,8,2109,3285.31,410.66375,0,0,0
15634.0,1,99,243.55,243.55,0,0,0
15636.0,2,284,724.76,362.38,0,0,0
15637.0,1,128,223.36,223.36,0,0,0
15639.0,1,323,425.32,425.32,0,0,0
15640.0,15,6572,12416.11,827.7406666666667,0,0,0
15641.0,4,1562,1887.2,471.8,0,0,0
15643.0,3,246,664.0,221.33333333333334,0,0,0
15644.0,4,550,803.54,200.885,0,0,0
15645.0,1,256,612.01,612.01,0,0,0
15646.0,3,394,447.64000000000004,149.21333333333334,0,0,0
15648.0,2,218,639.5,319.75,0,0,0
15649.0,2,192,816.0,408.0,0,0,0
15651.0,3,479,646.3,215.4333333333333,0,0,0
15652.0,1,208,337.74,337.74,0,0,0
15653.0,2,1200,877.4399999999999,438.71999999999997,0,0,0
15654.0,2,475,922.53,461.265,0,0,0
15655.0,1,324,560.67,560.67,0,0,0
15656.0,4,343,748.5,187.125,0,0,0
15657.0,1,24,30.0,30.0,0,0,0
15658.0,5,242,1024.1000000000001,204.82000000000002,0,0,0
15659.0,1,111,306.45,306.45,0,0,0
15660.0,9,1050,1600.86,177.87333333333333,0,0,0
15661.0,2,236,309.8,154.9,0,0,0
15663.0,1,106,138.14,138.14,0,0,0
15664.0,1,157,386.43,386.43,0,0,0
15665.0,2,1654,2222.21,1111.105,0,0,0
15667.0,1,240,301.32,301.32,0,0,0
15668.0,1,72,76.32000000000001,76.32000000000001,0,0,0
15669.0,4,342,684.34,171.085,0,0,0
15670.0,1,91,173.05,173.05,0,0,0
15671.0,7,1699,2657.13,379.59000000000003,0,0,0
15673.0,4,1451,2726.23,681.5575,0,0,0
15674.0,5,1275,2446.6,489.32,0,0,0
15675.0,3,527,323.69,107.89666666666666,0,0,0
15676.0,3,2252,3435.76,1145.2533333333333,0,0,0
15677.0,1,319,657.23,657.23,0,0,0
15678.0,1,184,352.7,352.7,0,0,0
15679.0,4,1170,781.28,195.32,0,0,0
15680.0,3,952,1333.68,444.56,0,0,0
15681.0,5,816,1426.16,285.232,0,0,0
15683.0,1,131,193.75,193.75,0,0,0
15687.0,9,1310,2993.1,332.56666666666666,0,0,0
15689.0,2,84,254.1,127.05,0,0,0
15690.0,2,408,239.76,119.88,0,0,0
15691.0,1,72,136.8,136.8,0,0,0
15692.0,1,138,191.04,191.04,0,0,0
15694.0,14,1677,6479.4,462.8142857142857,0,0,0
15695.0,2,212,409.98,204.99,0,0,0
15696.0,8,1015,2711.11,338.88875,0,0,0
15699.0,1,113,309.65,309.65,0,0,0
15700.0,2,357,696.68,348.34,0,0,0
15701.0,4,912,1529.0,382.25,0,0,0
15703.0,1,66,211.5,211.5,0,0,0
15704.0,4,1028,2293.62,573.405,0,0,0
15705.0,1,62,143.1,143.1,0,0,0
15706.0,4,321,1060.56,265.14,0,0,0
15707.0,4,594,916.98,229.245,0,0,0
15708.0,7,1217,3235.25,462.17857142857144,0,0,0
15709.0,1,121,133.25,133.25,0,0,0
15712.0,5,486,1072.3600000000001,214.47200000000004,0,0,0
15713.0,2,150,356.7,178.35,0,0,0
15714.0,2,186,330.03000000000003,165.01500000000001,0,0,0
15716.0,4,738,1101.1100000000001,275.27750000000003,0,0,0
15717.0,1,70,150.3,150.3,0,0,0
15719.0,13,2718,5030.07,386.92846153846153,0,0,0
15720.0,1,281,598.73,598.73,0,0,0
15721.0,1,388,471.40000000000003,471.40000000000003,0,0,0
15722.0,5,1023,2211.21,442.242,0,0,0
15723.0,1,73,190.7,190.7,0,0,0
15724.0,2,73,218.25,109.125,0,0,0
15725.0,1,221,415.25,415.25,0,0,0
15727.0,7,3063,5159.06,737.0085714285715,0,0,0
15729.0,1,28,85.0,85.0,0,0,0
15730.0,3,689,1120.88,373.6266666666667,0,0,0
15732.0,2,215,294.12,147.06,0,0,0
15733.0,1,62,162.3,162.3,0,0,0
15734.0,2,346,1339.45,669.725,0,0,0
15737.0,8,597,1188.1200000000001,148.51500000000001,0,0,0
15738.0,16,2982,4812.42,300.77625,0,0,0
15739.0,1,472,449.12,449.12,0,0,0
15740.0,1,152,154.88,154.88,0,0,0
15743.0,4,214,775.96,193.99,0,0,0
15744.0,1,120,34.8,34.8,0,0,0
15745.0,4,421,1094.59,273.6475,0,0,0
15746.0,1,178,196.88,196.88,0,0,0
15747.0,3,466,946.64,315.5466666666667,0,0,0
15748.0,1,50,144.36,144.36,0,0,0
15749.0,3,18028,44534.3,14844.766666666668,2,3,-1
15750.0,8,1783,2463.05,307.88125,0,0,0
15752.0,7,1960,2626.6,375.2285714285714,0,0,0
15753.0,1,144,79.2,79.2,0,0,0
15754.0,3,199,458.57,152.85666666666665,0,0,0
15755.0,6,1427,2364.25,394.0416666666667,0,0,0
15756.0,4,241,528.01,132.0025,0,0,0
15757.0,2,491,714.42,357.21,0,0,0
15758.0,1,47,205.25,205.25,0,0,0
15759.0,3,60,253.04,84.34666666666666,0,0,0
15762.0,2,251,583.75,291.875,0,0,0
15763.0,2,271,1086.92,543.46,0,0,0
15764.0,6,2050,3279.97,546.6616666666666,0,0,0
15766.0,1,170,315.06,315.06,0,0,0
15768.0,3,244,621.8299999999999,207.27666666666664,0,0,0
15769.0,26,29672,56252.72,2163.566153846154,2,3,-1
15773.0,1,311,635.6800000000001,635.6800000000001,0,0,0
15774.0,1,87,270.8,270.8,0,0,0
15775.0,1,68,104.9,104.9,0,0,0
15776.0,1,138,241.62,241.62,0,0,0
15777.0,4,378,1047.11,261.7775,0,0,0
15780.0,3,220,475.28000000000003,158.42666666666668,0,0,0
15781.0,3,180,345.46,115.15333333333332,0,0,0
15782.0,3,864,2614.7400000000002,871.58,0,0,0
15783.0,1,212,246.3,246.3,0,0,0
15785.0,5,1612,2328.9700000000003,465.79400000000004,0,0,0
15786.0,3,3340,4919.0,1639.6666666666667,0,0,0
15787.0,3,534,933.26,311.08666666666664,0,0,0
15789.0,1,438,351.3,351.3,0,0,0
15790.0,1,113,218.75,218.75,0,0,0
15791.0,2,731,1612.69,806.345,0,0,0
15793.0,3,553,965.61,321.87,0,0,0
15795.0,1,581,610.01,610.01,0,0,0
15796.0,8,860,2708.61,338.57625,0,0,0
15797.0,4,873,2207.4,551.85,0,0,0
15799.0,3,955,884.14,294.7133333333333,0,0,0
15800.0,2,332,696.89,348.445,0,0,0
15801.0,3,570,1063.95,354.65000000000003,0,0,0
15802.0,1,1,451.42,451.42,0,0,0
15803.0,1,290,415.82000000000005,415.82000000000005,0,0,0
15804.0,13,2565,4206.39,323.5684615384616,0,0,0
15805.0,17,3367,5488.18,322.83411764705886,0,0,0
15806.0,3,602,784.58,261.5266666666667,0,0,0
15807.0,3,430,903.9,301.3,0,0,0
15808.0,4,1305,3651.27,912.8175,0,0,0
15809.0,5,301,515.77,103.154,0,0,0
15810.0,4,861,1391.98,347.995,0,0,0
15811.0,6,1071,2218.62,369.77,0,0,0
15812.0,5,922,1801.14,360.228,0,0,0
15813.0,2,603,1303.9099999999999,651.9549999999999,0,0,0
15814.0,4,1271,1945.33,486.3325,0,0,0
15815.0,5,1856,2100.6,420.12,0,0,0
15819.0,4,1357,1905.45,476.3625,0,0,0
15820.0,1,128,206.98,206.98,0,0,0
15821.0,2,202,570.96,285.48,0,0,0
15822.0,2,375,885.47,442.735,0,0,0
15823.0,1,1,15.0,15.0,0,0,0
15825.0,1,220,532.94,532.94,0,0,0
15826.0,3,963,1654.31,551.4366666666666,0,0,0
15827.0,14,882,1836.0900000000001,131.14928571428572,0,0,0
15829.0,2,996,636.14,318.07,0,0,0
15830.0,1,415,576.0,576.0,0,0,0
15831.0,3,1092,794.64,264.88,0,0,0
15832.0,1,465,836.79,836.79,0,0,0
15834.0,4,961,2225.15,556.2875,0,0,0
15835.0,4,439,954.09,238.5225,0,0,0
15836.0,1,26,137.37,137.37,0,0,0
15837.0,1,189,391.98,391.98,0,0,0
15838.0,19,18368,33643.08,1770.6884210526316,2,3,-1
15839.0,3,675,1048.49,349.49666666666667,0,0,0
15840.0,2,396,355.56,177.78,0,0,0
15841.0,4,942,1224.06,306.015,0,0,0
15843.0,1,27,118.95000000000002,118.95000000000002,0,0,0
15844.0,1,134,130.73999999999998,130.73999999999998,0,0,0
15845.0,8,1926,3711.77,463.97125,0,0,0
15847.0,2,449,389.27,194.635,0,0,0
15850.0,2,298,234.88,117.44,0,0,0
15852.0,2,48,160.71,80.355,0,0,0
15853.0,1,135,110.8,110.8,0,0,0
15854.0,12,926,2969.12,247.42666666666665,0,0,0
15855.0,5,470,712.24,142.448,0,0,0
15856.0,27,10866,16143.64,597.9125925925925,2,0,1
15857.0,1,308,297.0,297.0,0,0,0
15858.0,5,1163,1427.57,285.514,0,0,0
15860.0,8,437,965.16,120.645,0,0,0
15861.0,8,2528,3146.92,393.365,0,0,0
15862.0,4,585,832.88,208.22,0,0,0
15863.0,2,19,68.84,34.42,0,0,0
15864.0,6,1192,1936.3200000000002,322.72,0,0,0
15865.0,3,368,895.13,298.37666666666667,0,0,0
15866.0,1,124,211.89,211.89,0,0,0
15867.0,15,2052,3810.14,254.00933333333333,0,0,0
15869.0,2,175,149.64,74.82,0,0,0
15870.0,1,333,351.44,351.44,0,0,0
15872.0,2,187,316.25,158.125,0,0,0
15874.0,7,2534,4405.88,629.4114285714286,0,0,0
15877.0,2,368,490.33,245.165,0,0,0
15880.0,1,202,329.03000000000003,329.03000000000003,0,0,0
15881.0,5,260,501.39000000000004,100.278,0,0,0
15882.0,4,276,516.36,129.09,0,0,0
15883.0,2,223,396.48,198.24,0,0,0
15885.0,3,111,379.35,126.45,0,0,0
15886.0,1,147,181.09,181.09,0,0,0
15888.0,1,76,168.31,168.31,0,0,0
15889.0,2,206,420.07,210.035,0,0,0
15891.0,1,418,511.68,511.68,0,0,0
15894.0,2,164,258.25,129.125,0,0,0
15895.0,1,94,179.17,179.17,0,0,0
15897.0,2,223,208.59,104.295,0,0,0
15898.0,5,567,1383.83,276.76599999999996,0,0,0
15899.0,1,39,56.25,56.25,0,0,0
15900.0,1,216,337.28,337.28,0,0,0
15901.0,3,379,351.73,117.24333333333334,0,0,0
15903.0,7,2410,5126.76,732.3942857142857,0,0,0
15904.0,1,84,164.68,164.68,0,0,0
15906.0,7,544,1567.69,223.9557142857143,0,0,0
15907.0,3,478,882.72,294.24,0,0,0
15909.0,1,98,191.94,191.94,0,0,0
15910.0,8,1013,1228.88,153.61,0,0,0
15912.0,2,185,264.62,132.31,0,0,0
15916.0,8,752,1502.8600000000001,187.85750000000002,0,0,0
15917.0,1,42,123.1,123.1,0,0,0
15918.0,2,153,334.23,167.115,0,0,0
15919.0,2,385,525.69,262.845,0,0,0
15920.0,4,99,167.5,41.875,0,0,0
15921.0,1,162,323.03000000000003,323.03000000000003,0,0,0
15922.0,1,138,369.5,369.5,0,0,0
15923.0,1,122,127.08,127.08,0,0,0
15925.0,1,93,207.15,207.15,0,0,0
15930.0,1,139,426.63,426.63,0,0,0
15932.0,8,2325,2495.87,311.98375,0,0,0
15933.0,3,885,1107.46,369.15333333333336,0,0,0
15935.0,2,115,416.86,208.43,0,0,0
15937.0,1,73,145.35,145.35,0,0,0
15938.0,5,240,404.58,80.916,0,0,0
15939.0,15,4728,6115.01,407.6673333333334,0,0,0
15940.0,1,4,35.8,35.8,0,0,0
15942.0,1,232,337.44,337.44,0,0,0
15944.0,1,50,325.1,325.1,0,0,0
15945.0,1,52,181.0,181.0,0,0,0
15947.0,1,898,1708.24,1708.24,0,0,0
15948.0,2,567,955.24,477.62,0,0,0
15949.0,2,284,364.72,182.36,0,0,0
15950.0,4,719,1744.71,436.1775,0,0,0
15951.0,2,313,708.22,354.11,0,0,0
15952.0,4,391,781.91,195.4775,0,0,0
15953.0,8,891,1657.28,207.16,0,0,0
15955.0,14,2135,4416.26,315.44714285714286,0,0,0
15957.0,1,211,428.89,428.89,0,0,0
15958.0,1,33,104.35,104.35,0,0,0
15963.0,2,298,470.76,235.38,0,0,0
15965.0,4,434,808.87,202.2175,0,0,0
15967.0,2,205,397.68,198.84,0,0,0
15969.0,3,124,666.1,222.03333333333333,0,0,0
15970.0,1,116,314.1,314.1,0,0,0
15971.0,12,1717,4199.85,349.9875,0,0,0
15973.0,1,106,307.82000000000005,307.82000000000005,0,0,0
15974.0,7,2262,3442.15,491.7357142857143,0,0,0
15975.0,1,243,371.01,371.01,0,0,0
15976.0,2,275,427.64,213.82,0,0,0
15977.0,2,1016,1054.73,527.365,0,0,0
15978.0,1,888,1098.78,1098.78,0,0,0
15980.0,3,1560,2398.86,799.62,0,0,0
15981.0,8,1866,3408.48,426.06,0,0,0
15983.0,4,886,1465.12,366.28,0,0,0
15984.0,10,1815,2780.63,278.063,0,0,0
15985.0,2,1086,1142.42,571.21,0,0,0
15986.0,1,268,168.12,168.12,0,0,0
15987.0,7,1533,1432.77,204.68142857142857,0,0,0
15988.0,1,180,156.78,156.78,0,0,0
15990.0,2,443,792.11,396.055,0,0,0
15992.0,1,17,41.989999999999995,41.989999999999995,0,0,0
15993.0,7,2037,2777.67,396.81,0,0,0
15994.0,1,173,414.27,414.27,0,0,0
15996.0,6,380,1032.58,172.09666666666666,0,0,0
15998.0,5,2032,3080.22,616.044,0,0,0
16000.0,3,5110,12393.7,4131.233333333334,0,0,-1
16003.0,5,1185,2735.37,547.074,0,0,0
16005.0,4,280,578.71,144.6775,0,0,0
16006.0,1,84,101.4,101.4,0,0,0
16007.0,4,1388,1693.81,423.4525,0,0,0
16008.0,3,323,478.78,159.59333333333333,0,0,0
16009.0,4,366,972.11,243.0275,0,0,0
16010.0,3,202,392.4,130.79999999999998,0,0,0
16011.0,16,2035,3352.96,209.56,0,0,0
16012.0,3,799,1415.29,471.7633333333333,0,0,0
16013.0,47,15536,37130.6,790.0127659574467,2,3,-1
16014.0,3,258,646.83,215.61,0,0,0
16015.0,3,907,704.55,234.85,0,0,0
16016.0,8,602,1465.51,183.18875,0,0,0
16017.0,1,102,211.88,211.88,0,0,0
16018.0,2,190,408.90000000000003,204.45000000000002,0,0,0
16019.0,9,1733,3786.2400000000002,420.6933333333334,0,0,0
16020.0,3,487,851.01,283.67,0,0,0
16022.0,1,255,602.63,602.63,0,0,0
16023.0,3,358,719.81,239.93666666666664,0,0,0
16024.0,1,397,251.03,251.03,0,0,0
16025.0,1,338,439.65999999999997,439.65999999999997,0,0,0
16026.0,1,243,236.09,236.09,0,0,0
16027.0,6,1147,934.62,155.77,0,0,0
16029.0,63,40108,80850.84,1283.3466666666666,2,3,-1
16030.0,1,283,331.24,331.24,0,0,0
16031.0,2,421,547.9,273.95,0,0,0
16033.0,20,3529,8778.82,438.941,0,0,0
16034.0,3,242,437.7,145.9,0,0,0
16036.0,2,716,758.92,379.46,0,0,0
16037.0,3,428,855.02,285.00666666666666,0,0,0
16038.0,3,244,471.78000000000003,157.26000000000002,0,0,0
16040.0,3,684,1313.55,437.84999999999997,0,0,0
16041.0,3,1584,3166.4,1055.4666666666667,0,0,0
16042.0,5,743,1177.47,235.494,0,0,0
16043.0,4,503,773.99,193.4975,0,0,0
16045.0,4,897,1340.7,335.175,0,0,0
16048.0,2,144,256.44,128.22,0,0,0
16049.0,3,763,1074.81,358.27,0,0,0
16050.0,1,278,137.9,137.9,0,0,0
16052.0,1,282,362.06,362.06,0,0,0
16053.0,2,1793,1511.95,755.975,0,0,0
16054.0,1,380,783.9,783.9,0,0,0
16055.0,1,22,134.8,134.8,0,0,0
16056.0,1,345,650.75,650.75,0,0,0
16057.0,7,863,2263.12,323.30285714285714,0,0,0
16059.0,6,641,1453.16,242.19333333333336,0,0,0
16062.0,4,800,1153.62,288.405,0,0,0
16063.0,1,262,335.32,335.32,0,0,0
16065.0,1,228,367.14,367.14,0,0,0
16066.0,5,935,1521.04,304.20799999999997,0,0,0
16070.0,2,457,852.15,426.075,0,0,0
16071.0,1,180,326.24,326.24,0,0,0
16072.0,1,140,584.3199999999999,584.3199999999999,0,0,0
16073.0,1,48,122.39999999999999,122.39999999999999,0,0,0
16076.0,10,1435,2234.73,223.473,0,0,0
16078.0,1,16,79.2,79.2,0,0,0
16079.0,3,864,1352.0,450.6666666666667,0,0,0
16080.0,2,128,217.16,108.58,0,0,0
16081.0,5,1473,2799.42,559.884,0,0,0
16083.0,2,908,1317.62,658.81,0,0,0
16084.0,1,216,436.18,436.18,0,0,0
16085.0,5,636,981.51,196.302,0,0,0
16086.0,5,511,1121.39,224.27800000000002,0,0,0
16091.0,2,154,315.06,157.53,0,0,0
16092.0,3,628,817.86,272.62,0,0,0
16093.0,1,20,17.0,17.0,0,0,0
16094.0,4,647,1078.23,269.5575,0,0,0
16096.0,1,155,320.62,320.62,0,0,0
16097.0,1,87,185.04999999999998,185.04999999999998,0,0,0
16098.0,7,613,2005.63,286.5185714285714,0,0,0
16099.0,3,434,731.9,243.96666666666667,0,0,0
16101.0,1,757,1290.7,1290.7,0,0,0
16102.0,3,942,1842.14,614.0466666666667,0,0,0
16103.0,6,558,1429.64,238.27333333333334,0,0,0
16104.0,1,122,298.21,298.21,0,0,0
16105.0,1,330,336.96,336.96,0,0,0
16106.0,1,74,108.38,108.38,0,0,0
16107.0,7,1176,3204.1600000000003,457.7371428571429,0,0,0
16108.0,1,615,842.5,842.5,0,0,0
16109.0,2,612,611.88,305.94,0,0,0
16110.0,3,720,1320.95,440.31666666666666,0,0,0
16112.0,4,574,195.73999999999998,48.934999999999995,0,0,0
16113.0,1,176,161.38,161.38,0,0,0
16114.0,1,43,135.75000000000003,135.75000000000003,0,0,0
16115.0,8,994,1660.8799999999999,207.60999999999999,0,0,0
16116.0,1,248,612.78,612.78,0,0,0
16117.0,1,130,232.21,232.21,0,0,0
16119.0,2,240,423.36,211.68,0,0,0
16120.0,4,878,1309.14,327.285,0,0,0
16121.0,2,576,854.66,427.33,0,0,0
16122.0,4,1128,684.4200000000001,171.10500000000002,0,0,0
16123.0,1,170,307.78,307.78,0,0,0
16124.0,1,48,249.0,249.0,0,0,0
16125.0,1,124,289.35,289.35,0,0,0
16126.0,4,2125,6287.77,1571.9425,0,0,0
16127.0,1,323,656.25,656.25,0,0,0
16128.0,5,988,1880.22,376.044,0,0,0
16131.0,6,1802,3506.54,584.4233333333333,0,0,0
16133.0,33,8887,14589.04,442.09212121212124,2,0,1
16134.0,2,371,618.09,309.045,0,0,0
16135.0,1,209,517.55,517.55,0,0,0
16136.0,3,440,709.38,236.46,0,0,0
16139.0,3,330,635.41,211.8033333333333,0,0,0
16140.0,2,730,725.18,362.59,0,0,0
16141.0,1,238,620.4,620.4,0,0,0
16142.0,1,422,535.34,535.34,0,0,0
16143.0,6,919,2424.94,404.1566666666667,0,0,0
16144.0,1,16,175.2,175.2,0,0,0
16145.0,11,3123,3799.4900000000002,345.40818181818184,0,0,0
16146.0,3,427,734.13,244.71,0,0,0
16147.0,1,246,375.0,375.0,0,0,0
16148.0,1,72,76.32000000000001,76.32000000000001,0,0,0
16149.0,2,308,280.52,140.26,0,0,0
16150.0,5,1047,2053.02,410.604,0,0,0
16152.0,1,642,1829.04,1829.04,0,0,0
16153.0,5,1073,1824.23,364.846,0,0,0
16156.0,9,1273,3092.04,343.56,0,0,0
16157.0,3,347,656.69,218.89666666666668,0,0,0
16159.0,1,236,348.2,348.2,0,0,0
16160.0,2,1162,1025.44,512.72,0,0,0
16161.0,19,2583,5533.67,291.2457894736842,0,0,0
16162.0,1,4,37.4,37.4,0,0,0
16163.0,2,192,856.6,428.3,0,0,0
16164.0,3,433,822.48,274.16,0,0,0
16168.0,27,1892,3787.6,140.28148148148148,0,0,0
16169.0,4,1325,1822.97,455.7425,0,0,0
16170.0,6,1770,1885.05,314.175,0,0,0
16171.0,1,24,73.2,73.2,0,0,0
16172.0,5,787,1140.21,228.042,0,0,0
16173.0,6,575,1418.32,236.38666666666666,0,0,0
16174.0,3,651,1009.5500000000001,336.5166666666667,0,0,0
16175.0,4,533,1037.59,259.3975,0,0,0
16177.0,1,95,331.95,331.95,0,0,0
16178.0,1,94,197.9,197.9,0,0,0
16179.0,1,99,215.83,215.83,0,0,0
16180.0,8,5867,10254.18,1281.7725,0,0,0
16181.0,1,152,305.54,305.54,0,0,0
16182.0,4,3791,6617.65,1654.4125,0,0,0
16183.0,1,113,338.71000000000004,338.71000000000004,0,0,0
16184.0,6,561,1158.79,193.13166666666666,0,0,0
16185.0,2,260,529.41,264.705,0,0,0
16186.0,12,3020,4006.94,333.9116666666667,0,0,0
16187.0,15,5048,6911.4400000000005,460.7626666666667,0,0,0
16188.0,4,782,981.86,245.465,0,0,0
16189.0,2,134,215.48,107.74,0,0,0
16190.0,1,88,215.08,215.08,0,0,0
16191.0,13,3351,5180.52,398.5015384615385,0,0,0
16193.0,1,219,314.45,314.45,0,0,0
16198.0,1,129,400.68100000000004,400.68100000000004,0,0,0
16200.0,2,516,1068.8700000000001,534.4350000000001,0,0,0
16201.0,4,1286,1863.47,465.8675,0,0,0
16202.0,1,191,365.27,365.27,0,0,0
16203.0,4,262,592.9,148.225,0,0,0
16204.0,1,218,384.18,384.18,0,0,0
16205.0,4,516,757.63,189.4075,0,0,0
16206.0,4,272,537.0600000000001,134.26500000000001,0,0,0
16207.0,1,140,394.38,394.38,0,0,0
16208.0,2,333,664.26,332.13,0,0,0
16209.0,5,1179,2262.62,452.524,0,0,0
16210.0,18,7559,21086.3,1171.461111111111,0,0,-1
16211.0,1,154,547.02,547.02,0,0,0
16212.0,2,244,690.34,345.17,0,0,0
16213.0,1,48,159.0,159.0,0,0,0
16214.0,3,420,1062.75,354.25,0,0,0
16215.0,1,104,242.35,242.35,0,0,0
16216.0,1,254,914.9300000000001,914.9300000000001,0,0,0
16217.0,2,91,304.25,152.125,0,0,0
16218.0,7,2088,3084.68,440.6685714285714,0,0,0
16221.0,3,714,860.86,286.9533333333333,0,0,0
16222.0,1,325,773.5500000000001,773.5500000000001,0,0,0
16224.0,4,1116,1295.3,323.825,0,0,0
16225.0,5,493,1096.32,219.26399999999998,0,0,0
16226.0,3,192,255.12,85.04,0,0,0
16227.0,1,90,314.22,314.22,0,0,0
16229.0,2,318,1010.6,505.3,0,0,0
16230.0,2,365,542.03,271.015,0,0,0
16232.0,4,550,990.88,247.72,0,0,0
16233.0,3,174,536.6800000000001,178.89333333333335,0,0,0
16235.0,5,330,867.31,173.462,0,0,0
16236.0,1,184,432.2,432.2,0,0,0
16239.0,2,228,414.2,207.1,0,0,0
16240.0,2,1641,3718.8,1859.4,0,0,0
16241.0,13,1443,2590.31,199.2546153846154,0,0,0
16242.0,7,1969,3579.86,511.40857142857146,0,0,0
16243.0,2,110,409.1,204.55,0,0,0
16244.0,2,855,1522.75,761.375,0,0,0
16245.0,3,1014,1413.66,471.22,0,0,0
16247.0,1,182,114.56,114.56,0,0,0
16248.0,1,78,152.94,152.94,0,0,0
16249.0,5,950,1800.07,360.014,0,0,0
16250.0,2,208,389.44,194.72,0,0,0
16253.0,2,3233,3683.86,1841.93,0,0,0
16255.0,8,1767,2619.91,327.48875,0,0,0
16256.0,1,581,752.4300000000001,752.4300000000001,0,0,0
16257.0,1,2,46.95,46.95,0,0,0
16258.0,5,2994,5203.51,1040.702,0,0,0
16260.0,1,311,1035.45,1035.45,0,0,0
16261.0,4,301,728.54,182.135,0,0,0
16265.0,9,2646,5447.0,605.2222222222222,0,0,0
16266.0,7,398,861.89,123.12714285714286,0,0,0
16268.0,2,533,667.65,333.825,0,0,0
16270.0,1,688,1141.24,1141.24,0,0,0
16271.0,5,1024,1404.64,280.928,0,0,0
16272.0,1,224,411.7,411.7,0,0,0
16274.0,1,153,351.75,351.75,0,0,0
16275.0,1,336,559.87,559.87,0,0,0
16276.0,1,420,810.6000000000001,810.6000000000001,0,0,0
16278.0,1,114,566.38,566.38,0,0,0
16279.0,3,1046,1502.78,500.9266666666667,0,0,0
16281.0,1,934,2062.06,2062.06,0,0,0
16282.0,1,114,168.3,168.3,0,0,0
16283.0,5,1236,1570.81,314.162,0,0,0
16284.0,2,535,812.68,406.34,0,0,0
16287.0,1,298,142.5,142.5,0,0,0
16292.0,1,191,302.25,302.25,0,0,0
16293.0,10,982,2248.9900000000002,224.89900000000003,0,0,0
16295.0,4,841,1328.55,332.1375,0,0,0
16297.0,1,206,301.9,301.9,0,0,0
16298.0,3,198,598.2,199.4,0,0,0
16302.0,1,158,233.22,233.22,0,0,0
16303.0,3,2659,5360.63,1786.8766666666668,0,0,0
16305.0,1,256,361.21999999999997,361.21999999999997,0,0,0
16306.0,6,487,632.27,105.37833333333333,0,0,0
16308.0,4,8000,2560.0,640.0,0,0,0
16309.0,2,467,706.57,353.285,0,0,0
16311.0,2,394,616.26,308.13,0,0,0
16313.0,2,165,274.15000000000003,137.07500000000002,0,0,0
16315.0,1,75,226.37,226.37,0,0,0
16316.0,8,1484,2938.91,367.36375,0,0,0
16317.0,3,890,1341.65,447.2166666666667,0,0,0
16318.0,1,199,328.15,328.15,0,0,0
16319.0,1,72,404.40000000000003,404.40000000000003,0,0,0
16320.0,2,732,1038.46,519.23,0,0,0
16321.0,5,135,373.65000000000003,74.73,0,0,0
16322.0,2,231,326.75,163.375,0,0,0
16323.0,1,50,207.50000000000003,207.50000000000003,0,0,0
16324.0,3,270,408.59000000000003,136.1966666666667,0,0,0
16325.0,3,194,594.24,198.08,0,0,0
16326.0,14,682,3039.2200000000003,217.08714285714288,0,0,0
16327.0,6,2560,3820.27,636.7116666666667,0,0,0
16330.0,3,147,251.91,83.97,0,0,0
16332.0,7,797,1582.8,226.1142857142857,0,0,0
16333.0,22,32184,26626.8,1210.3090909090909,2,3,-1
16337.0,1,87,151.05,151.05,0,0,0
16338.0,1,94,214.79999999999998,214.79999999999998,0,0,0
16339.0,1,21,94.05,94.05,0,0,0
16340.0,1,486,534.31,534.31,0,0,0
16341.0,4,1398,1971.87,492.9675,0,0,0
16342.0,4,157,322.41,80.6025,0,0,0
16343.0,2,175,328.58,164.29,0,0,0
16344.0,1,18,101.10000000000001,101.10000000000001,0,0,0
16345.0,1,288,565.46,565.46,0,0,0
16347.0,2,341,847.45,423.725,0,0,0
16348.0,7,805,1415.65,202.2357142857143,0,0,0
16349.0,1,9,53.5,53.5,0,0,0
16350.0,4,545,1116.47,279.1175,0,0,0
16351.0,1,90,153.9,153.9,0,0,0
16352.0,2,300,494.44,247.22,0,0,0
16353.0,23,2006,6675.71,290.24826086956523,0,0,0
16354.0,2,150,395.8,197.9,0,0,0
16356.0,3,93,211.77,70.59,0,0,0
16357.0,3,246,658.88,219.62666666666667,0,0,0
16358.0,4,1302,2027.5,506.875,0,0,0
16359.0,9,1183,1750.92,194.54666666666668,0,0,0
16360.0,6,2110,3450.41,575.0683333333333,0,0,0
16361.0,4,418,891.21,222.8025,0,0,0
16362.0,5,340,709.99,141.998,0,0,0
16363.0,1,52,109.36000000000001,109.36000000000001,0,0,0
16364.0,2,279,705.79,352.895,0,0,0
16365.0,9,504,1540.42,171.1577777777778,0,0,0
16366.0,1,256,327.3,327.3,0,0,0
16367.0,2,643,800.67,400.335,0,0,0
16368.0,2,251,479.91,239.955,0,0,0
16369.0,3,1030,1545.41,515.1366666666667,0,0,0
16370.0,4,640,1301.91,325.4775,0,0,0
16372.0,2,158,355.73,177.865,0,0,0
16374.0,2,237,466.73,233.365,0,0,0
16376.0,2,691,974.96,487.48,0,0,0
16377.0,1,1500,676.2,676.2,0,0,0
16378.0,3,267,362.95,120.98333333333333,0,0,0
16379.0,4,1410,2157.4,539.35,0,0,0
16380.0,1,1428,1743.1499999999999,1743.1499999999999,0,0,0
16383.0,2,467,643.76,321.88,0,0,0
16384.0,2,260,584.5,292.25,0,0,0
16385.0,3,258,554.86,184.95333333333335,0,0,0
16386.0,2,205,302.57,151.285,0,0,0
16387.0,1,44,94.36,94.36,0,0,0
16389.0,4,1242,1382.07,345.5175,0,0,0
16392.0,1,201,217.89,217.89,0,0,0
16393.0,13,1573,3040.96,233.92000000000002,0,0,0
16394.0,5,2604,1555.34,311.068,0,0,0
16395.0,5,1472,1482.06,296.412,0,0,0
16398.0,2,758,1705.8,852.9,0,0,0
16399.0,2,263,408.02,204.01,0,0,0
16400.0,1,172,303.93,303.93,0,0,0
16401.0,12,3882,4098.32,341.52666666666664,0,0,0
16402.0,2,146,293.45,146.725,0,0,0
16403.0,1,114,177.5,177.5,0,0,0
16404.0,1,157,443.05,443.05,0,0,0
16405.0,2,187,167.25,83.625,0,0,0
16406.0,1,116,154.35,154.35,0,0,0
16407.0,10,1093,2079.68,207.968,0,0,0
16409.0,5,1304,2022.98,404.596,0,0,0
16411.0,2,131,211.7,105.85,0,0,0
16412.0,1,63,135.99,135.99,0,0,0
16413.0,1,148,262.2,262.2,0,0,0
16414.0,2,27,126.25,63.125,0,0,0
16415.0,1,178,200.27,200.27,0,0,0
16416.0,3,672,1051.4,350.4666666666667,0,0,0
16418.0,3,280,631.12,210.37333333333333,0,0,0
16419.0,6,428,958.71,159.785,0,0,0
16422.0,51,33704,34684.4,680.086274509804,2,3,-1
16423.0,1,230,346.12,346.12,0,0,0
16424.0,1,88,133.56,133.56,0,0,0
16425.0,1,199,302.7,302.7,0,0,0
16426.0,10,1215,1863.76,186.376,0,0,0
16427.0,2,156,241.06,120.53,0,0,0
16429.0,1,9,284.55,284.55,0,0,0
16430.0,1,103,300.85,300.85,0,0,0
16431.0,3,442,623.28,207.76,0,0,0
16432.0,1,276,287.4,287.4,0,0,0
16433.0,1,106,184.26,184.26,0,0,0
16434.0,7,760,1511.8,215.97142857142856,0,0,0
16438.0,5,463,798.35,159.67000000000002,0,0,0
16440.0,5,2018,3640.67,728.134,0,0,0
16441.0,2,173,381.2,190.6,0,0,0
16442.0,3,443,609.3,203.1,0,0,0
16444.0,4,407,654.67,163.6675,0,0,0
16445.0,1,111,230.51,230.51,0,0,0
16446.0,2,80997,168472.5,84236.25,1,2,-1
16447.0,1,221,255.91,255.91,0,0,0
16448.0,1,76,182.99,182.99,0,0,0
16449.0,2,367,707.69,353.845,0,0,0
16450.0,1,200,311.92,311.92,0,0,0
16451.0,1,120,266.97,266.97,0,0,0
16454.0,2,3,6.9,3.45,0,0,0
16455.0,7,988,1841.18,263.0257142857143,0,0,0
16456.0,5,1147,2158.18,431.63599999999997,0,0,0
16457.0,1,140,208.36,208.36,0,0,0
16458.0,18,2154,3482.7400000000002,193.48555555555558,0,0,0
16460.0,3,876,811.23,270.41,0,0,0
16461.0,1,48,142.92,142.92,0,0,0
16462.0,3,16,136.0,45.333333333333336,0,0,0
16463.0,4,1163,1422.4,355.6,0,0,0
16464.0,3,952,1298.66,432.8866666666667,0,0,0
16466.0,7,785,1595.96,227.99428571428572,0,0,0
16468.0,1,31,74.9,74.9,0,0,0
16469.0,4,260,625.42,156.355,0,0,0
16470.0,4,522,752.77,188.1925,0,0,0
16471.0,1,141,223.95000000000002,223.95000000000002,0,0,0
16473.0,3,196,316.11,105.37,0,0,0
16474.0,7,909,1810.65,258.6642857142857,0,0,0
16475.0,4,319,544.3,136.075,0,0,0
16477.0,7,1415,2494.46,356.3514285714286,0,0,0
16478.0,3,224,331.0,110.33333333333333,0,0,0
16479.0,2,102,300.83,150.415,0,0,0
16480.0,1,455,769.29,769.29,0,0,0
16482.0,1,346,220.62,220.62,0,0,0
16483.0,1,44,139.35,139.35,0,0,0
16484.0,2,200,404.3,202.15,0,0,0
16485.0,1,235,363.65,363.65,0,0,0
16488.0,3,728,498.8,166.26666666666668,0,0,0
16491.0,1,478,731.5,731.5,0,0,0
16493.0,4,1164,1351.63,337.9075,0,0,0
16494.0,1,675,826.53,826.53,0,0,0
16495.0,3,328,648.26,216.08666666666667,0,0,0
16496.0,3,1111,1599.52,533.1733333333333,0,0,0
16497.0,6,1396,2965.69,494.2816666666667,0,0,0
16498.0,2,45,100.97,50.485,0,0,0
16499.0,2,127,365.45,182.725,0,0,0
16500.0,6,123,400.86,66.81,0,0,0
16503.0,4,569,1431.93,357.9825,0,0,0
16504.0,1,510,465.88,465.88,0,0,0
16505.0,1,576,777.6,777.6,0,0,0
16506.0,2,42,90.30000000000001,45.150000000000006,0,0,0
16509.0,1,64,363.7,363.7,0,0,0
16510.0,1,92,248.1,248.1,0,0,0
16511.0,3,405,918.33,306.11,0,0,0
16513.0,4,407,874.59,218.6475,0,0,0
16515.0,5,826,1624.14,324.82800000000003,0,0,0
16516.0,1,58,101.69999999999999,101.69999999999999,0,0,0
16517.0,1,96,162.7,162.7,0,0,0
16518.0,2,327,484.32,242.16,0,0,0
16519.0,2,54,215.07999999999998,107.53999999999999,0,0,0
16520.0,3,558,1046.57,348.8566666666666,0,0,0
16523.0,21,4265,9418.470000000001,448.4985714285715,0,0,0
16525.0,26,7397,13027.45,501.0557692307693,0,0,0
16526.0,1,106,290.36,290.36,0,0,0
16527.0,1,106,228.06,228.06,0,0,0
16528.0,1,171,244.41,244.41,0,0,0
16529.0,1,198,455.25,455.25,0,0,0
16531.0,7,915,1244.59,177.79857142857142,0,0,0
16532.0,3,2016,6748.8,2249.6,0,0,0
16533.0,3,611,1082.81,360.93666666666667,0,0,0
16535.0,1,356,593.75,593.75,0,0,0
16536.0,1,250,548.12,548.12,0,0,0
16539.0,4,477,1388.81,347.2025,0,0,0
16542.0,1,46,119.62,119.62,0,0,0
16545.0,1,78,339.3,339.3,0,0,0
16546.0,2,549,787.15,393.575,0,0,0
16549.0,10,2294,4034.9,403.49,0,0,0
16550.0,5,1540,2298.97,459.794,0,0,0
16551.0,3,970,922.12,307.37333333333333,0,0,0
16552.0,2,219,379.73,189.865,0,0,0
16553.0,12,4600,5719.82,476.65166666666664,0,0,0
16554.0,3,402,837.1,279.03333333333336,0,0,0
16555.0,2,175,285.89,142.945,0,0,0
16556.0,7,1890,3313.79,473.3985714285714,0,0,0
16557.0,2,111,281.85,140.925,0,0,0
16558.0,20,5377,8338.49,416.92449999999997,0,0,0
16560.0,2,500,841.41,420.705,0,0,0
16561.0,2,244,511.12,255.56,0,0,0
16563.0,1,486,1077.74,1077.74,0,0,0
16565.0,1,46,173.7,173.7,0,0,0
16566.0,5,362,614.66,122.93199999999999,0,0,0
16567.0,2,996,865.6,432.8,0,0,0
16569.0,1,93,124.2,124.2,0,0,0
16570.0,10,2112,3738.4,373.84000000000003,0,0,0
16571.0,3,1239,1421.69,473.8966666666667,0,0,0
16572.0,3,532,1009.6,336.53333333333336,0,0,0
16573.0,2,360,663.61,331.805,0,0,0
16574.0,1,416,451.44,451.44,0,0,0
16581.0,1,134,105.84,105.84,0,0,0
16582.0,1,164,313.62,313.62,0,0,0
16583.0,1,111,233.45,233.45,0,0,0
16584.0,2,646,936.08,468.04,0,0,0
16586.0,1,95,463.95,463.95,0,0,0
16587.0,1,71,225.15,225.15,0,0,0
16589.0,3,368,459.24,153.08,0,0,0
16591.0,1,41,213.5,213.5,0,0,0
16592.0,16,2927,4113.68,257.105,0,0,0
16593.0,3,116,330.03,110.00999999999999,0,0,0
16594.0,1,64,181.09,181.09,0,0,0
16595.0,1,335,360.16,360.16,0,0,0
16596.0,2,97,250.15,125.075,0,0,0
16597.0,1,184,90.04,90.04,0,0,0
16598.0,1,73,145.04999999999998,145.04999999999998,0,0,0
16600.0,6,1145,813.52,135.58666666666667,0,0,0
16601.0,1,133,242.7,242.7,0,0,0
16602.0,1,336,528.08,528.08,0,0,0
16603.0,2,480,482.47,241.235,0,0,0
16607.0,14,2859,3347.71,239.12214285714285,0,0,0
16609.0,7,2420,5493.46,784.78,0,0,0
16610.0,1,66,75.66,75.66,0,0,0
16611.0,1,47,129.49,129.49,0,0,0
16612.0,4,506,1187.66,296.915,0,0,0
16613.0,1,293,618.59,618.59,0,0,0
16614.0,1,223,506.19,506.19,0,0,0
16616.0,2,370,500.42,250.21,0,0,0
16617.0,1,91,151.85,151.85,0,0,0
16618.0,5,1363,2647.59,529.518,0,0,0
16619.0,1,133,226.21,226.21,0,0,0
16620.0,2,88,178.96,89.48,0,0,0
16621.0,4,302,813.48,203.37,0,0,0
16623.0,1,39,129.45,129.45,0,0,0
16624.0,2,488,810.5699999999999,405.28499999999997,0,0,0
16625.0,1,164,333.08,333.08,0,0,0
16626.0,17,2690,4413.1,259.59411764705885,0,0,0
16627.0,1,162,322.8,322.8,0,0,0
16628.0,5,1205,2188.05,437.61,0,0,0
16629.0,2,489,408.63,204.315,0,0,0
16633.0,6,1138,2883.1,480.51666666666665,0,0,0
16634.0,2,82,217.9,108.95,0,0,0
16637.0,4,927,1154.47,288.6175,0,0,0
16638.0,10,1255,1680.72,168.072,0,0,0
16639.0,3,510,1257.51,419.17,0,0,0
16641.0,1,256,231.10000000000002,231.10000000000002,0,0,0
16642.0,2,479,688.33,344.165,0,0,0
16643.0,1,269,487.51,487.51,0,0,0
16644.0,2,826,833.78,416.89,0,0,0
16647.0,2,146,214.06,107.03,0,0,0
16648.0,1,281,290.65999999999997,290.65999999999997,0,0,0
16650.0,1,372,518.42,518.42,0,0,0
16652.0,7,3283,6773.97,967.71,0,0,0
16653.0,2,733,1212.66,606.33,0,0,0
16654.0,4,282,601.27,150.3175,0,0,0
16655.0,6,2363,3789.52,631.5866666666667,0,0,0
16656.0,15,8894,8625.8,575.0533333333333,0,0,0
16657.0,4,1130,874.43,218.6075,0,0,0
16658.0,1,40,123.24,123.24,0,0,0
16659.0,1,72,39.12,39.12,0,0,0
16660.0,4,571,1267.6499999999999,316.91249999999997,0,0,0
16665.0,1,59,135.39999999999998,135.39999999999998,0,0,0
16666.0,1,233,118.98,118.98,0,0,0
16667.0,2,236,567.1800000000001,283.59000000000003,0,0,0
16668.0,6,318,306.71999999999997,51.12,0,0,0
16669.0,3,881,1348.88,449.6266666666667,0,0,0
16670.0,11,2556,4095.9,372.3545454545455,0,0,0
16671.0,3,875,1692.27,564.09,0,0,0
16672.0,20,2832,8134.9400000000005,406.747,0,0,0
16674.0,2,181,304.24,152.12,0,0,0
16676.0,4,636,1592.1200000000001,398.03000000000003,0,0,0
16678.0,12,2397,3109.99,259.1658333333333,0,0,0
16679.0,1,29,129.75,129.75,0,0,0
16680.0,1,94,183.7,183.7,0,0,0
16681.0,6,1407,1770.34,295.0566666666667,0,0,0
16682.0,5,1040,1028.0,205.6,0,0,0
16684.0,28,50255,66653.56,2380.4842857142858,2,1,-1
16685.0,2,396,324.24,162.12,0,0,0
16686.0,7,1977,2959.88,422.84000000000003,0,0,0
16688.0,4,804,1260.86,315.215,0,0,0
16689.0,2,330,422.59999999999997,211.29999999999998,0,0,0
16690.0,2,138,225.57999999999998,112.78999999999999,0,0,0
16692.0,2,152,1276.0,638.0,0,0,0
16693.0,2,203,477.86,238.93,0,0,0
16696.0,4,146,657.9000000000001,164.47500000000002,0,0,0
16697.0,1,27,112.75,112.75,0,0,0
16698.0,2,840,1998.0,999.0,0,0,0
16700.0,13,4024,5076.55,390.50384615384615,0,0,0
16701.0,13,6393,5398.3,415.25384615384615,0,0,0
16705.0,20,5476,14034.99,701.7495,0,0,0
16706.0,3,249,531.35,177.11666666666667,0,0,0
16708.0,1,285,656.63,656.63,0,0,0
16709.0,5,851,3029.87,605.9739999999999,0,0,0
16710.0,10,1823,2467.99,246.79899999999998,0,0,0
16711.0,5,833,1651.03,330.206,0,0,0
16712.0,11,1730,3611.31,328.3009090909091,0,0,0
16713.0,15,4271,6910.78,460.71866666666665,0,0,0
16714.0,3,589,1129.06,376.3533333333333,0,0,0
16715.0,1,642,301.71999999999997,301.71999999999997,0,0,0
16716.0,2,120,901.2,450.6,0,0,0
16717.0,6,1860,3843.08,640.5133333333333,0,0,0
16718.0,1,407,606.0500000000001,606.0500000000001,0,0,0
16719.0,7,1175,1770.22,252.88857142857142,0,0,0
16720.0,1,180,152.95,152.95,0,0,0
16721.0,1,172,292.47,292.47,0,0,0
16722.0,13,5001,4730.81,363.90846153846155,0,0,0
16723.0,2,398,576.4,288.2,0,0,0
16725.0,7,288,758.27,108.32428571428571,0,0,0
16726.0,5,945,1358.74,271.748,0,0,0
16727.0,1,167,256.32,256.32,0,0,0
16728.0,4,671,1048.28,262.07,0,0,0
16729.0,21,5722,7205.33,343.11095238095237,0,0,0
16730.0,3,994,743.11,247.70333333333335,0,0,0
16732.0,1,317,603.75,603.75,0,0,0
16734.0,3,345,646.76,215.58666666666667,0,0,0
16735.0,5,1532,2247.41,449.48199999999997,0,0,0
16737.0,1,288,417.59999999999997,417.59999999999997,0,0,0
16738.0,1,3,3.75,3.75,0,0,0
16739.0,1,172,323.0,323.0,0,0,0
16742.0,1,1,464.9,464.9,0,0,0
16743.0,7,2035,2213.13,316.1614285714286,0,0,0
16744.0,7,798,1291.91,184.55857142857144,0,0,0
16745.0,17,6719,7180.7,422.3941176470588,0,0,0
16746.0,18,4660,6680.11,371.1172222222222,0,0,0
16747.0,2,583,836.06,418.03,0,0,0
16748.0,5,880,1515.9,303.18,0,0,0
16750.0,5,214,623.93,124.78599999999999,0,0,0
16751.0,1,1031,1764.72,1764.72,0,0,0
16752.0,1,54,207.5,207.5,0,0,0
16753.0,1,189,223.92000000000002,223.92000000000002,0,0,0
16754.0,1,4280,2002.4,2002.4,0,0,0
16755.0,3,1058,1475.43,491.81,0,0,0
16756.0,1,106,239.4,239.4,0,0,0
16757.0,1,81,106.83000000000001,106.83000000000001,0,0,0
16758.0,1,203,369.34000000000003,369.34000000000003,0,0,0
16759.0,3,609,789.79,263.2633333333333,0,0,0
16761.0,1,341,316.62,316.62,0,0,0
16762.0,3,480,1207.24,402.41333333333336,0,0,0
16763.0,1,319,611.85,611.85,0,0,0
16764.0,13,1253,2790.9500000000003,214.68846153846155,0,0,0
16765.0,1,4,34.0,34.0,0,0,0
16766.0,2,536,1145.6,572.8,0,0,0
16767.0,11,4423,5575.56,506.86909090909097,0,0,0
16768.0,3,196,478.09000000000003,159.36333333333334,0,0,0
16769.0,1,80,361.54,361.54,0,0,0
16770.0,5,456,757.1,151.42000000000002,0,0,0
16771.0,5,1487,2242.61,448.52200000000005,0,0,0
16773.0,1,171,171.59,171.59,0,0,0
16774.0,4,322,661.52,165.38,0,0,0
16775.0,11,439,1691.51,153.77363636363637,0,0,0
16776.0,1,254,371.54,371.54,0,0,0
16777.0,2,62,222.62,111.31,0,0,0
16778.0,2,194,245.94,122.97,0,0,0
16779.0,22,5301,10611.720000000001,482.35090909090917,0,0,0
16780.0,2,270,422.24,211.12,0,0,0
16781.0,1,113,311.25,311.25,0,0,0
16782.0,13,705,2267.9500000000003,174.45769230769233,0,0,0
16784.0,1,24,107.6,107.6,0,0,0
16788.0,2,304,594.39,297.195,0,0,0
16789.0,1,32,80.8,80.8,0,0,0
16790.0,6,898,1545.6200000000001,257.60333333333335,0,0,0
16791.0,7,757,1705.78,243.68285714285713,0,0,0
16792.0,2,44,110.38000000000001,55.190000000000005,0,0,0
16793.0,1,146,243.84,243.84,0,0,0
16794.0,10,923,1196.5,119.65,0,0,0
16795.0,1,239,414.88,414.88,0,0,0
16796.0,1,186,305.62,305.62,0,0,0
16800.0,1,524,1162.65,1162.65,0,0,0
16801.0,4,493,1594.23,398.5575,0,0,0
16803.0,1,245,332.3,332.3,0,0,0
16804.0,3,246,536.99,178.99666666666667,0,0,0
16805.0,2,539,460.59,230.295,0,0,0
16806.0,4,356,762.16,190.54,0,0,0
16807.0,3,778,1121.59,373.8633333333333,0,0,0
16808.0,2,196,288.42,144.21,0,0,0
16809.0,5,652,914.69,182.93800000000002,0,0,0
16810.0,1,114,309.54,309.54,0,0,0
16811.0,2,477,547.07,273.535,0,0,0
16812.0,1,81,479.35,479.35,0,0,0
16813.0,10,1501,1652.18,165.21800000000002,0,0,0
16814.0,21,2697,6416.7,305.5571428571428,0,0,0
16816.0,4,274,417.06,104.265,0,0,0
16817.0,9,822,1604.75,178.30555555555554,0,0,0
16818.0,11,2164,3349.57,304.50636363636363,0,0,0
16820.0,1,307,497.61,497.61,0,0,0
16823.0,1,136,358.38,358.38,0,0,0
16824.0,2,236,460.64,230.32,0,0,0
16825.0,2,566,775.1800000000001,387.59000000000003,0,0,0
16826.0,1,158,341.7,341.7,0,0,0
16828.0,2,59,128.5,64.25,0,0,0
16829.0,1,99,197.22,197.22,0,0,0
16830.0,1,264,325.91,325.91,0,0,0
16832.0,3,33,199.15,66.38333333333334,0,0,0
16833.0,4,440,1106.53,276.6325,0,0,0
16834.0,1,358,413.46,413.46,0,0,0
16835.0,2,61,180.85,90.425,0,0,0
16836.0,2,165,251.87,125.935,0,0,0
16837.0,11,1563,3170.98,288.2709090909091,0,0,0
16838.0,2,185,588.85,294.425,0,0,0
16839.0,34,8975,16594.35,488.06911764705876,2,0,1
16841.0,6,2250,1869.82,311.63666666666666,0,0,0
16842.0,3,693,1264.19,421.3966666666667,0,0,0
16843.0,16,10159,10196.57,637.285625,0,0,-1
16846.0,1,135,214.32,214.32,0,0,0
16847.0,1,78,193.44,193.44,0,0,0
16848.0,1,182,281.42,281.42,0,0,0
16849.0,1,33,124.57,124.57,0,0,0
16850.0,1,249,332.41,332.41,0,0,0
16851.0,3,271,342.45,114.14999999999999,0,0,0
16852.0,2,56,144.91000000000003,72.45500000000001,0,0,0
16855.0,2,164,328.4,164.2,0,0,0
16856.0,1,12,35.400000000000006,35.400000000000006,0,0,0
16858.0,1,91,375.69000000000005,375.69000000000005,0,0,0
16859.0,2,827,747.81,373.905,0,0,0
16861.0,2,140,173.76,86.88,0,0,0
16863.0,2,409,502.8,251.4,0,0,0
16866.0,3,60,207.73999999999998,69.24666666666666,0,0,0
16869.0,4,583,817.12,204.28,0,0,0
16871.0,6,1253,2812.34,468.72333333333336,0,0,0
16872.0,3,600,680.02,226.67333333333332,0,0,0
16873.0,6,3840,7123.62,1187.27,0,0,0
16875.0,5,1069,2095.53,419.10600000000005,0,0,0
16877.0,6,458,846.62,141.10333333333332,0,0,0
16878.0,1,12,13.3,13.3,0,0,0
16880.0,7,746,1491.43,213.0614285714286,0,0,0
16881.0,1,600,432.0,432.0,0,0,0
16882.0,3,424,705.12,235.04,0,0,0
16883.0,2,103,272.48,136.24,0,0,0
16884.0,2,320,429.84000000000003,214.92000000000002,0,0,0
16885.0,3,178,450.41,150.13666666666668,0,0,0
16887.0,1,156,192.32999999999998,192.32999999999998,0,0,0
16889.0,3,925,1578.67,526.2233333333334,0,0,0
16891.0,5,265,742.43,148.486,0,0,0
16892.0,5,236,518.19,103.638,0,0,0
16893.0,1,62,145.93,145.93,0,0,0
16895.0,1,91,202.27,202.27,0,0,0
16897.0,2,73,289.78,144.89,0,0,0
16898.0,3,412,501.03,167.01,0,0,0
16899.0,6,520,1271.06,211.84333333333333,0,0,0
16900.0,3,833,887.11,295.7033333333333,0,0,0
16902.0,1,629,1706.88,1706.88,0,0,0
16903.0,1,247,363.2,363.2,0,0,0
16904.0,16,1984,3653.75,228.359375,0,0,0
16905.0,7,1381,3037.6,433.9428571428571,0,0,0
16906.0,4,263,559.59,139.8975,0,0,0
16907.0,5,286,928.76,185.752,0,0,0
16909.0,1,436,379.14,379.14,0,0,0
16910.0,8,884,1508.96,188.62,0,0,0
16912.0,11,1025,2555.58,232.32545454545453,0,0,0
16913.0,1,82,113.44,113.44,0,0,0
16914.0,1,112,183.76,183.76,0,0,0
16915.0,6,132,621.6800000000001,103.61333333333334,0,0,0
16916.0,2,431,562.41,281.205,0,0,0
16917.0,1,232,391.52,391.52,0,0,0
16918.0,6,721,1068.82,178.13666666666666,0,0,0
16919.0,11,1403,2592.25,235.6590909090909,0,0,0
16921.0,1,154,154.18,154.18,0,0,0
16923.0,19,3344,7069.08,372.0568421052632,0,0,0
16924.0,3,467,829.89,276.63,0,0,0
16926.0,1,35,230.25,230.25,0,0,0
16927.0,3,993,543.05,181.01666666666665,0,0,0
16928.0,17,2092,2814.7,165.5705882352941,0,0,0
16929.0,7,929,1295.39,185.0557142857143,0,0,0
16930.0,3,339,378.89,126.29666666666667,0,0,0
16931.0,21,3134,4554.87,216.89857142857142,0,0,0
16932.0,1,82,150.23000000000002,150.23000000000002,0,0,0
16933.0,2,288,563.23,281.615,0,0,0
16934.0,2,397,931.03,465.515,0,0,0
16936.0,1,171,261.9,261.9,0,0,0
16938.0,4,2533,2711.6800000000003,677.9200000000001,0,0,0
16940.0,3,2169,3049.88,1016.6266666666667,0,0,0
16942.0,9,805,1904.99,211.66555555555556,0,0,0
16943.0,3,145,816.73,272.24333333333334,0,0,0
16945.0,19,2725,4345.5,228.71052631578948,0,0,0
16947.0,1,312,406.48,406.48,0,0,0
16948.0,3,1614,435.02,145.00666666666666,0,0,0
16949.0,6,791,1286.27,214.37833333333333,0,0,0
16950.0,3,644,1178.56,392.8533333333333,0,0,0
16951.0,3,1318,1277.75,425.9166666666667,0,0,0
16952.0,2,92,167.61,83.805,0,0,0
16953.0,1,10,20.8,20.8,0,0,0
16954.0,9,1054,2085.08,231.67555555555555,0,0,0
16955.0,4,266,518.67,129.6675,0,0,0
16956.0,1,114,308.74,308.74,0,0,0
16957.0,2,172,416.64,208.32,0,0,0
16959.0,1,49,117.35000000000001,117.35000000000001,0,0,0
16960.0,3,304,507.05,169.01666666666668,0,0,0
16961.0,1,125,234.17,234.17,0,0,0
16963.0,1,35,110.55000000000001,110.55000000000001,0,0,0
16965.0,1,291,201.19,201.19,0,0,0
16966.0,7,1981,2154.97,307.8528571428571,0,0,0
16967.0,1,333,319.02,319.02,0,0,0
16968.0,2,326,439.43,219.715,0,0,0
16969.0,3,816,650.41,216.8033333333333,0,0,0
16971.0,1,72,357.21,357.21,0,0,0
16976.0,1,88,251.51999999999998,251.51999999999998,0,0,0
16978.0,1,166,344.33,344.33,0,0,0
16979.0,6,865,1852.0,308.6666666666667,0,0,0
16980.0,2,739,1028.46,514.23,0,0,0
16982.0,1,182,384.06,384.06,0,0,0
16983.0,7,1335,1905.87,272.26714285714286,0,0,0
16984.0,2,2380,4459.52,2229.76,0,0,0
16985.0,10,1832,5464.12,546.412,0,0,0
16986.0,2,1040,1873.2,936.6,0,0,0
16987.0,7,401,1616.8,230.97142857142856,0,0,0
16988.0,1,43,126.12,126.12,0,0,0
16989.0,6,1233,1133.25,188.875,0,0,0
16990.0,1,100,179.0,179.0,0,0,0
16992.0,5,860,1614.31,322.86199999999997,0,0,0
16996.0,6,544,1456.96,242.82666666666668,0,0,0
16997.0,3,360,702.0,234.0,0,0,0
16998.0,4,76,295.0,73.75,0,0,0
16999.0,2,294,484.82,242.41,0,0,0
17001.0,11,2164,3989.57,362.6881818181818,0,0,0
17002.0,3,679,1493.73,497.91,0,0,0
17004.0,2,771,1312.1399999999999,656.0699999999999,0,0,0
17006.0,4,272,781.78,195.445,0,0,0
17007.0,6,597,889.9300000000001,148.3216666666667,0,0,0
17010.0,1,118,195.36,195.36,0,0,0
17011.0,1,186,270.9,270.9,0,0,0
17014.0,3,243,583.4300000000001,194.4766666666667,0,0,0
17015.0,3,1978,1838.6100000000001,612.87,0,0,0
17017.0,20,6673,8694.26,434.713,0,0,0
17018.0,2,176,920.1,460.05,0,0,0
17019.0,4,820,1258.08,314.52,0,0,0
17022.0,1,108,71.0,71.0,0,0,0
17024.0,3,69,95.85,31.95,0,0,0
17025.0,3,235,357.77,119.25666666666666,0,0,0
17026.0,2,97,154.82999999999998,77.41499999999999,0,0,0
17027.0,6,416,877.5600000000001,146.26000000000002,0,0,0
17029.0,2,400,716.0,358.0,0,0,0
17030.0,1,146,146.87,146.87,0,0,0
17031.0,2,235,380.35,190.175,0,0,0
17033.0,3,750,1030.14,343.38000000000005,0,0,0
17034.0,3,410,745.52,248.50666666666666,0,0,0
17035.0,2,229,433.53000000000003,216.76500000000001,0,0,0
17037.0,1,656,1267.32,1267.32,0,0,0
17038.0,1,28,112.4,112.4,0,0,0
17040.0,1,181,449.73,449.73,0,0,0
17041.0,3,927,1071.49,357.16333333333336,0,0,0
17042.0,5,990,1036.58,207.31599999999997,0,0,0
17043.0,4,998,1735.18,433.795,0,0,0
17044.0,1,504,948.48,948.48,0,0,0
17045.0,3,106,339.44,113.14666666666666,0,0,0
17046.0,1,510,642.02,642.02,0,0,0
17047.0,3,533,1100.9,366.9666666666667,0,0,0
17048.0,3,485,925.35,308.45,0,0,0
17049.0,9,2673,5655.03,628.3366666666666,0,0,0
17050.0,6,1595,3185.64,530.9399999999999,0,0,0
17051.0,1,179,240.89000000000001,240.89000000000001,0,0,0
17052.0,1,251,399.09,399.09,0,0,0
17053.0,1,122,498.48,498.48,0,0,0
17054.0,5,804,1356.33,271.26599999999996,0,0,0
17058.0,3,592,1179.89,393.2966666666667,0,0,0
17059.0,5,1850,3080.39,616.078,0,0,0
17060.0,1,216,234.24,234.24,0,0,0
17061.0,11,1526,5232.2300000000005,475.65727272727275,0,0,0
17062.0,4,418,533.33,133.3325,0,0,0
17063.0,7,770,1461.14,208.73428571428573,0,0,0
17064.0,3,316,855.45,285.15000000000003,0,0,0
17068.0,21,2164,4552.14,216.76857142857145,0,0,0
17069.0,9,1506,2709.7000000000003,301.0777777777778,0,0,0
17070.0,1,131,304.24,304.24,0,0,0
17071.0,9,1197,2429.03,269.89222222222224,0,0,0
17073.0,4,759,1446.09,361.5225,0,0,0
17075.0,4,292,834.12,208.53,0,0,0
17076.0,3,295,841.0799999999999,280.35999999999996,0,0,0
17078.0,2,788,378.2,189.1,0,0,0
17079.0,1,24,118.80000000000001,118.80000000000001,0,0,0
17080.0,2,166,287.62,143.81,0,0,0
17081.0,2,77,288.91,144.455,0,0,0
17082.0,2,1049,2003.85,1001.925,0,0,0
17083.0,3,772,1405.78,468.5933333333333,0,0,0
17084.0,2,1702,2747.9900000000002,1373.9950000000001,0,0,0
17085.0,5,785,1562.4,312.48,0,0,0
17086.0,6,1859,2050.08,341.68,0,0,0
17088.0,4,868,1991.01,497.7525,0,0,0
17090.0,7,903,1974.65,282.09285714285716,0,0,0
17091.0,9,1746,3827.76,425.3066666666667,0,0,0
17092.0,4,1130,1774.03,443.5075,0,0,0
17094.0,1,152,302.0,302.0,0,0,0
17095.0,3,618,1324.16,441.3866666666667,0,0,0
17096.0,4,339,1022.13,255.5325,0,0,0
17097.0,8,459,954.42,119.3025,0,0,0
17100.0,2,800,971.74,485.87,0,0,0
17101.0,4,815,1621.73,405.4325,0,0,0
17102.0,1,2,25.5,25.5,0,0,0
17105.0,2,693,665.78,332.89,0,0,0
17107.0,6,4826,10797.48,1799.58,0,0,0
17109.0,6,588,881.29,146.88166666666666,0,0,0
17110.0,1,50,163.29999999999998,163.29999999999998,0,0,0
17111.0,1,282,231.61,231.61,0,0,0
17114.0,8,215,801.12,100.14,0,0,0
17115.0,3,372,837.5,279.1666666666667,0,0,0
17117.0,1,68,116.19999999999999,116.19999999999999,0,0,0
17118.0,1,154,157.02,157.02,0,0,0
17119.0,2,334,606.91,303.455,0,0,0
17120.0,1,120,307.46,307.46,0,0,0
17122.0,1,80,138.32,138.32,0,0,0
17123.0,1,246,345.29999999999995,345.29999999999995,0,0,0
17124.0,1,129,294.24,294.24,0,0,0
17125.0,1,281,230.5,230.5,0,0,0
17126.0,5,780,989.45,197.89000000000001,0,0,0
17128.0,1,76,157.09,157.09,0,0,0
17131.0,5,983,2463.17,492.634,0,0,0
17133.0,7,2730,4892.240000000001,698.8914285714287,0,0,0
17134.0,2,98,413.2,206.6,0,0,0
17135.0,7,1224,1139.73,162.81857142857143,0,0,0
17138.0,1,126,380.5,380.5,0,0,0
17139.0,12,5176,10650.77,887.5641666666667,0,0,0
17140.0,1,296,454.12,454.12,0,0,0
17142.0,1,81,579.0,579.0,0,0,0
17144.0,2,483,984.57,492.285,0,0,0
17146.0,3,212,749.78,249.92666666666665,0,0,0
17147.0,4,882,1714.59,428.6475,0,0,0
17148.0,1,82,124.88,124.88,0,0,0
17152.0,3,517,1689.5,563.1666666666666,0,0,0
17153.0,1,104,213.78,213.78,0,0,0
17154.0,1,490,329.34,329.34,0,0,0
17155.0,2,242,251.70000000000002,125.85000000000001,0,0,0
17157.0,2,172,319.0,159.5,0,0,0
17158.0,3,778,1266.97,422.3233333333333,0,0,0
17159.0,3,1111,1538.88,512.96,0,0,0
17160.0,6,2856,3518.03,586.3383333333334,0,0,0
17162.0,10,1001,1715.46,171.546,0,0,0
17163.0,2,66,293.1,146.55,0,0,0
17164.0,7,1501,2467.35,352.4785714285714,0,0,0
17165.0,1,100,158.68,158.68,0,0,0
17166.0,2,78,206.34,103.17,0,0,0
17169.0,2,526,835.78,417.89,0,0,0
17171.0,1,185,224.91,224.91,0,0,0
17172.0,1,480,317.76,317.76,0,0,0
17173.0,8,1122,3766.6,470.825,0,0,0
17174.0,1,41,59.9,59.9,0,0,0
17175.0,4,866,1443.69,360.9225,0,0,0
17176.0,1,170,306.13,306.13,0,0,0
17179.0,3,290,711.79,237.26333333333332,0,0,0
17180.0,4,670,783.97,195.9925,0,0,0
17181.0,2,241,239.92000000000002,119.96000000000001,0,0,0
17183.0,6,1296,3347.31,557.885,0,0,0
17186.0,2,200,144.0,72.0,0,0,0
17187.0,1,144,203.95,203.95,0,0,0
17188.0,7,1328,2474.23,353.4614285714286,0,0,0
17189.0,2,226,383.75,191.875,0,0,0
17190.0,2,161,444.74,222.37,0,0,0
17191.0,7,1166,2093.68,299.09714285714284,0,0,0
17193.0,7,1254,1699.3000000000002,242.7571428571429,0,0,0
17194.0,2,119,262.62,131.31,0,0,0
17197.0,1,191,1013.01,1013.01,0,0,0
17198.0,3,357,692.22,230.74,0,0,0
17201.0,1,231,289.78,289.78,0,0,0
17203.0,6,2846,3560.08,593.3466666666667,0,0,0
17204.0,4,646,1564.56,391.14,0,0,0
17205.0,1,884,384.08,384.08,0,0,0
17206.0,1,76,204.24,204.24,0,0,0
17211.0,8,1323,2317.2200000000003,289.65250000000003,0,0,0
17212.0,1,147,226.85,226.85,0,0,0
17213.0,7,1176,2781.23,397.31857142857143,0,0,0
17214.0,6,272,1059.1200000000001,176.52,0,0,0
17217.0,1,24,113.5,113.5,0,0,0
17218.0,10,955,1951.97,195.197,0,0,0
17219.0,1,89,114.23,114.23,0,0,0
17220.0,14,1897,3187.55,227.68214285714288,0,0,0
17221.0,2,287,334.48,167.24,0,0,0
17222.0,1,122,328.65,328.65,0,0,0
17223.0,2,110,416.89,208.445,0,0,0
17226.0,1,406,393.49,393.49,0,0,0
17227.0,6,741,939.32,156.55333333333334,0,0,0
17228.0,8,1532,1906.09,238.26125,0,0,0
17229.0,2,185,318.76,159.38,0,0,0
17230.0,8,1651,3638.41,454.80125,0,0,0
17231.0,10,1724,3124.72,312.472,0,0,0
17232.0,2,202,417.77,208.885,0,0,0
17233.0,1,131,190.88,190.88,0,0,0
17234.0,1,55,149.89000000000001,149.89000000000001,0,0,0
17235.0,2,224,550.06,275.03,0,0,0
17236.0,6,474,916.13,152.68833333333333,0,0,0
17237.0,2,105,314.69,157.345,0,0,0
17238.0,17,1807,3719.1,218.7705882352941,0,0,0
17239.0,1,150,382.5,382.5,0,0,0
17242.0,2,611,1135.04,567.52,0,0,0
17243.0,26,3320,8540.05,328.4634615384615,0,0,0
17244.0,1,616,954.9,954.9,0,0,0
17245.0,1,75,171.45,171.45,0,0,0
17247.0,1,105,280.09000000000003,280.09000000000003,0,0,0
17248.0,1,213,318.65,318.65,0,0,0
17250.0,2,167,381.97,190.985,0,0,0
17251.0,1,108,269.83,269.83,0,0,0
17252.0,2,192,348.91,174.455,0,0,0
17253.0,1,43,178.26,178.26,0,0,0
17254.0,2,251,271.19,135.595,0,0,0
17255.0,2,227,291.48,145.74,0,0,0
17256.0,2,141,240.0,120.0,0,0,0
17259.0,2,388,581.23,290.615,0,0,0
17262.0,5,367,1253.3600000000001,250.67200000000003,0,0,0
17263.0,1,36,63.440000000000005,63.440000000000005,0,0,0
17265.0,2,389,550.01,275.005,0,0,0
17266.0,3,153,296.58,98.86,0,0,0
17267.0,2,158,317.2,158.6,0,0,0
17268.0,4,844,763.64,190.91,0,0,0
17272.0,4,1778,2148.63,537.1575,0,0,0
17274.0,1,77,107.82,107.82,0,0,0
17277.0,2,430,1065.3500000000001,532.6750000000001,0,0,0
17278.0,1,179,246.04,246.04,0,0,0
17279.0,1,48,187.82999999999998,187.82999999999998,0,0,0
17282.0,3,1866,1685.46,561.82,0,0,0
17284.0,6,1362,1647.48,274.58,0,0,0
17286.0,1,117,151.37,151.37,0,0,0
17287.0,7,556,1049.06,149.8657142857143,0,0,0
17288.0,7,1201,1417.63,202.51857142857145,0,0,0
17289.0,3,513,931.02,310.34,0,0,0
17290.0,2,397,513.01,256.505,0,0,0
17291.0,1,72,550.8000000000001,550.8000000000001,0,0,0
17293.0,9,1135,1854.06,206.00666666666666,0,0,0
17295.0,3,293,547.0,182.33333333333334,0,0,0
17297.0,1,65,128.18,128.18,0,0,0
17298.0,2,387,498.42,249.21,0,0,0
17299.0,4,668,656.61,164.1525,0,0,0
17301.0,1,137,163.24,163.24,0,0,0
17302.0,5,575,1135.63,227.12600000000003,0,0,0
17303.0,1,144,250.04,250.04,0,0,0
17306.0,19,11491,8631.31,454.2794736842105,0,0,-1
17309.0,1,41,82.75,82.75,0,0,0
17311.0,2,1005,1384.85,692.425,0,0,0
17312.0,3,372,644.3,214.76666666666665,0,0,0
17313.0,1,1402,2328.84,2328.84,0,0,0
17314.0,8,1896,2527.92,315.99,0,0,0
17315.0,38,3863,6281.23,165.29552631578946,0,0,-1
17317.0,3,1146,2600.34,866.7800000000001,0,0,0
17320.0,3,634,1200.6200000000001,400.2066666666667,0,0,0
17321.0,2,364,657.16,328.58,0,0,0
17323.0,7,760,906.52,129.50285714285715,0,0,0
17324.0,4,843,986.48,246.62,0,0,0
17325.0,1,60,96.8,96.8,0,0,0
17329.0,2,142,523.11,261.555,0,0,0
17330.0,2,120,363.9,181.95,0,0,0
17331.0,1,16,175.2,175.2,0,0,0
17333.0,1,375,494.25,494.25,0,0,0
17334.0,2,315,307.02,153.51,0,0,0
17337.0,4,1247,1981.06,495.265,0,0,0
17338.0,8,3059,6493.54,811.6925,0,0,0
17339.0,2,152,243.36,121.68,0,0,0
17340.0,11,5967,12353.29,1123.0263636363636,0,0,0
17341.0,3,443,682.29,227.42999999999998,0,0,0
17343.0,1,56,193.64,193.64,0,0,0
17344.0,1,65,157.62,157.62,0,0,0
17345.0,4,341,519.6899999999999,129.92249999999999,0,0,0
17346.0,15,1617,2622.88,174.85866666666666,0,0,0
17347.0,1,216,228.96,228.96,0,0,0
17348.0,5,1398,1156.6,231.32,0,0,0
17349.0,1,102,98.25,98.25,0,0,0
17350.0,4,770,1281.32,320.33,0,0,0
17351.0,3,113,587.15,195.71666666666667,0,0,0
17353.0,2,1200,1740.0,870.0,0,0,0
17354.0,1,1006,1393.06,1393.06,0,0,0
17356.0,1,166,178.22,178.22,0,0,0
17357.0,2,152,384.39,192.195,0,0,0
17358.0,2,190,360.81,180.405,0,0,0
17359.0,1,161,127.86,127.86,0,0,0
17360.0,3,328,568.24,189.41333333333333,0,0,0
17361.0,3,157,488.2,162.73333333333332,0,0,0
17362.0,2,191,312.23,156.115,0,0,0
17364.0,11,2692,4462.68,405.69818181818187,0,0,0
17365.0,8,4749,4767.36,595.92,0,0,0
17367.0,1,149,167.55,167.55,0,0,0
17368.0,8,1377,1878.87,234.85875,0,0,0
17370.0,4,540,446.18,111.545,0,0,0
17371.0,3,151,418.4,139.46666666666667,0,0,0
17372.0,8,747,1337.18,167.1475,0,0,0
17373.0,4,408,646.92,161.73,0,0,0
17374.0,2,85,495.77,247.885,0,0,0
17375.0,3,367,400.1,133.36666666666667,0,0,0
17376.0,2,86,203.2,101.6,0,0,0
17377.0,20,2038,4058.32,202.916,0,0,0
17379.0,1,623,389.71999999999997,389.71999999999997,0,0,0
17381.0,29,25649,20275.61,699.1589655172414,2,3,-1
17382.0,1,25,65.4,65.4,0,0,0
17383.0,1,148,193.39000000000001,193.39000000000001,0,0,0
17384.0,2,88,336.4,168.2,0,0,0
17385.0,1,197,256.11,256.11,0,0,0
17386.0,6,1902,2686.42,447.7366666666667,0,0,0
17387.0,2,522,746.81,373.405,0,0,0
17388.0,4,1068,1259.56,314.89,0,0,0
17389.0,34,7612,31833.68,936.2847058823529,2,0,-1
17391.0,2,480,508.8,254.4,0,0,0
17392.0,2,277,417.27,208.635,0,0,0
17394.0,1,241,203.86999999999998,203.86999999999998,0,0,0
17396.0,8,2005,7330.8,916.35,0,0,0
17397.0,2,250,681.41,340.705,0,0,0
17398.0,3,310,653.38,217.79333333333332,0,0,0
17400.0,5,1088,2097.84,419.56800000000004,0,0,0
17402.0,13,701,2633.85,202.60384615384615,0,0,0
17403.0,1,111,263.92,263.92,0,0,0
17404.0,15,32748,31906.82,2127.1213333333335,2,3,-1
17405.0,3,726,1031.41,343.80333333333334,0,0,0
17406.0,3,780,2184.42,728.14,0,0,0
17408.0,1,3,32.65,32.65,0,0,0
17409.0,2,105,771.85,385.925,0,0,0
17410.0,5,616,1214.72,242.94400000000002,0,0,0
17411.0,3,306,778.94,259.6466666666667,0,0,0
17412.0,7,738,1258.06,179.72285714285712,0,0,0
17414.0,2,2100,778.0,389.0,0,0,0
17415.0,1,114,507.84,507.84,0,0,0
17416.0,7,4302,6893.42,984.7742857142857,0,0,0
17418.0,2,289,463.46000000000004,231.73000000000002,0,0,0
17419.0,12,1876,4226.57,352.21416666666664,0,0,0
17420.0,3,265,598.83,199.61,0,0,0
17422.0,6,2253,1979.37,329.895,0,0,0
17423.0,2,459,698.41,349.205,0,0,0
17425.0,2,407,759.17,379.585,0,0,0
17426.0,6,3094,5037.26,839.5433333333334,0,0,0
17427.0,1,34,100.8,100.8,0,0,0
17428.0,28,9474,17256.85,616.3160714285714,2,0,1
17429.0,3,624,524.9200000000001,174.97333333333336,0,0,0
17430.0,2,190,265.76,132.88,0,0,0
17431.0,1,292,403.3,403.3,0,0,0
17432.0,2,207,365.76,182.88,0,0,0
17433.0,1,185,303.15999999999997,303.15999999999997,0,0,0
17434.0,7,1693,2373.82,339.1171428571429,0,0,0
17436.0,2,90,216.29999999999998,108.14999999999999,0,0,0
17438.0,1,103,388.45000000000005,388.45000000000005,0,0,0
17440.0,3,246,186.42000000000002,62.14000000000001,0,0,0
17442.0,6,1496,2248.56,374.76,0,0,0
17443.0,1,504,534.24,534.24,0,0,0
17444.0,3,2119,2940.04,980.0133333333333,0,0,0
17446.0,2,198,120.9,60.45,0,0,0
17447.0,2,443,541.53,270.765,0,0,0
17449.0,7,1121,2519.21,359.88714285714286,0,0,0
17450.0,46,69973,194390.79,4225.886739130435,3,1,-1
17451.0,7,1203,1721.4,245.91428571428574,0,0,0
17453.0,2,219,486.71999999999997,243.35999999999999,0,0,0
17454.0,4,243,517.53,129.3825,0,0,0
17455.0,1,66,131.7,131.7,0,0,0
17456.0,1,222,249.86,249.86,0,0,0
17457.0,5,826,1737.7,347.54,0,0,0
17458.0,1,170,316.5,316.5,0,0,0
17459.0,2,537,657.3,328.65,0,0,0
17460.0,6,236,622.4300000000001,103.73833333333334,0,0,0
17461.0,3,770,735.82,245.27333333333334,0,0,0
17462.0,2,227,675.69,337.845,0,0,0
17463.0,5,1086,1875.86,375.17199999999997,0,0,0
17464.0,1,220,289.96000000000004,289.96000000000004,0,0,0
17466.0,2,306,763.28,381.64,0,0,0
17468.0,2,116,137.0,68.5,0,0,0
17469.0,5,787,1870.97,374.194,0,0,0
17470.0,5,1675,1125.07,225.01399999999998,0,0,0
17472.0,3,455,697.54,232.51333333333332,0,0,0
17475.0,1,178,194.37,194.37,0,0,0
17480.0,1,338,511.82,511.82,0,0,0
17481.0,4,1061,1255.59,313.8975,0,0,0
17483.0,3,191,414.04,138.01333333333335,0,0,0
17486.0,1,191,396.87,396.87,0,0,0
17489.0,2,428,376.64,188.32,0,0,0
17490.0,7,1134,2092.32,298.90285714285716,0,0,0
17491.0,10,2013,3558.87,355.887,0,0,0
17492.0,1,155,374.57,374.57,0,0,0
17495.0,2,229,497.56,248.78,0,0,0
17496.0,1,79,271.05,271.05,0,0,0
17498.0,1,394,272.22,272.22,0,0,0
17499.0,1,711,622.88,622.88,0,0,0
17500.0,3,17,1138.0,379.3333333333333,0,0,0
17501.0,2,160,288.6,144.3,0,0,0
17502.0,4,376,689.1,172.275,0,0,0
17503.0,2,486,558.96,279.48,0,0,0
17504.0,9,1664,2997.0299999999997,333.00333333333333,0,0,0
17505.0,2,556,1145.84,572.92,0,0,0
17506.0,1,139,302.2,302.2,0,0,0
17507.0,2,359,605.58,302.79,0,0,0
17508.0,1,289,387.31,387.31,0,0,0
17509.0,8,3512,6083.64,760.455,0,0,0
17510.0,1,214,308.48,308.48,0,0,0
17511.0,31,64549,91062.38,2937.496129032258,2,1,-1
17512.0,10,2753,2924.9900000000002,292.499,0,0,0
17513.0,1,254,513.2,513.2,0,0,0
17514.0,1,135,208.65,208.65,0,0,0
17515.0,4,243,639.02,159.755,0,0,0
17516.0,5,414,764.88,152.976,0,0,0
17517.0,1,102,153.94,153.94,0,0,0
17519.0,6,1236,1844.02,307.33666666666664,0,0,0
17520.0,1,365,546.81,546.81,0,0,0
17521.0,3,519,723.2099999999999,241.06999999999996,0,0,0
17522.0,5,1034,1070.71,214.142,0,0,0
17523.0,4,872,652.74,163.185,0,0,0
17524.0,1,90,145.0,145.0,0,0,0
17525.0,1,82,422.70000000000005,422.70000000000005,0,0,0
17526.0,4,310,1195.8999999999999,298.97499999999997,0,0,0
17527.0,4,488,939.37,234.8425,0,0,0
17528.0,8,2138,3628.5,453.5625,0,0,0
17530.0,10,1514,2367.12,236.712,0,0,0
17531.0,1,136,296.7,296.7,0,0,0
17534.0,1,103,223.36,223.36,0,0,0
17535.0,1,136,164.4,164.4,0,0,0
17536.0,1,6,76.5,76.5,0,0,0
17537.0,2,699,887.67,443.835,0,0,0
17538.0,1,134,98.42,98.42,0,0,0
17540.0,2,194,578.9,289.45,0,0,0
17542.0,1,134,170.75,170.75,0,0,0
17545.0,3,337,642.32,214.10666666666668,0,0,0
17548.0,1,58,103.3,103.3,0,0,0
17549.0,2,210,148.86,74.43,0,0,0
17550.0,3,86,267.16,89.05333333333334,0,0,0
17551.0,1,142,290.34,290.34,0,0,0
17552.0,4,719,930.41,232.6025,0,0,0
17553.0,1,1048,1487.6,1487.6,0,0,0
17554.0,5,1763,1952.45,390.49,0,0,0
17555.0,2,348,480.31,240.155,0,0,0
17556.0,1,101,157.9,157.9,0,0,0
17557.0,3,306,541.46,180.48666666666668,0,0,0
17560.0,4,635,854.95,213.7375,0,0,0
17561.0,1,144,165.12,165.12,0,0,0
17562.0,7,817,1122.38,160.34,0,0,0
17564.0,3,146,454.01,151.33666666666667,0,0,0
17566.0,2,497,869.77,434.885,0,0,0
17567.0,8,2632,4331.48,541.435,0,0,0
17569.0,1,159,344.14,344.14,0,0,0
17571.0,4,876,1425.67,356.4175,0,0,0
17572.0,4,95,226.75000000000003,56.68750000000001,0,0,0
17573.0,3,308,380.6,126.86666666666667,0,0,0
17574.0,1,77,185.65,185.65,0,0,0
17576.0,19,1967,3564.83,187.62263157894736,0,0,0
17578.0,1,138,143.45999999999998,143.45999999999998,0,0,0
17579.0,3,258,448.90000000000003,149.63333333333335,0,0,0
17580.0,3,88,215.72,71.90666666666667,0,0,0
17581.0,25,5915,11025.24,441.0096,0,0,0
17582.0,1,123,175.27,175.27,0,0,0
17584.0,2,458,1242.3,621.15,0,0,0
17585.0,4,1650,1116.68,279.17,0,0,0
17588.0,3,676,1240.2,413.40000000000003,0,0,0
17589.0,4,1631,2404.17,601.0425,0,0,0
17590.0,3,822,1468.02,489.34,0,0,0
17591.0,7,1000,2203.67,314.81,0,0,0
17593.0,5,3089,3923.86,784.772,0,0,0
17594.0,2,550,993.18,496.59,0,0,0
17595.0,2,228,386.69,193.345,0,0,0
17596.0,7,4376,2806.69,400.9557142857143,0,0,0
17597.0,1,1176,2044.3700000000001,2044.3700000000001,0,0,0
17600.0,1,144,161.67000000000002,161.67000000000002,0,0,0
17601.0,1,103,116.00999999999999,116.00999999999999,0,0,0
17602.0,6,4116,5054.42,842.4033333333333,0,0,0
17603.0,1,74,394.72,394.72,0,0,0
17604.0,2,169,309.36,154.68,0,0,0
17608.0,2,229,191.99,95.995,0,0,0
17609.0,5,719,1105.78,221.156,0,0,0
17611.0,15,2550,3961.12,264.07466666666664,0,0,0
17612.0,6,1808,2048.45,341.4083333333333,0,0,0
17613.0,14,2490,4544.55,324.6107142857143,0,0,0
17614.0,1,235,386.32,386.32,0,0,0
17615.0,3,140,329.6,109.86666666666667,0,0,0
17616.0,3,224,571.1999999999999,190.39999999999998,0,0,0
17618.0,3,319,930.28,310.0933333333333,0,0,0
17619.0,1,124,214.37,214.37,0,0,0
17620.0,1,60,81.44,81.44,0,0,0
17621.0,3,514,1379.9,459.9666666666667,0,0,0
17623.0,1,265,527.0500000000001,527.0500000000001,0,0,0
17624.0,2,554,843.48,421.74,0,0,0
17625.0,4,1180,2020.4,505.1,0,0,0
17628.0,1,79,75.75,75.75,0,0,0
17629.0,8,1629,1814.12,226.765,0,0,0
17630.0,2,158,503.59999999999997,251.79999999999998,0,0,0
17631.0,3,334,528.33,176.11,0,0,0
17633.0,4,644,1324.84,331.21,0,0,0
17634.0,9,838,2358.59,262.0655555555556,0,0,0
17636.0,1,182,285.56,285.56,0,0,0
17637.0,2,280,547.0600000000001,273.53000000000003,0,0,0
17639.0,1,49,108.5,108.5,0,0,0
17640.0,1,250,621.66,621.66,0,0,0
17642.0,2,474,712.29,356.145,0,0,0
17643.0,1,71,101.55,101.55,0,0,0
17644.0,11,1793,2895.64,263.24,0,0,0
17646.0,3,323,1008.39,336.13,0,0,0
17647.0,1,30,133.06,133.06,0,0,0
17648.0,4,487,1797.5,449.375,0,0,0
17649.0,1,399,868.49,868.49,0,0,0
17650.0,1,150,166.08,166.08,0,0,0
17651.0,10,3112,3945.0,394.5,0,0,0
17652.0,12,2509,4867.72,405.6433333333334,0,0,0
17653.0,4,1409,1207.56,301.89,0,0,0
17654.0,1,41,117.55,117.55,0,0,0
17655.0,7,1116,2638.94,376.99142857142857,0,0,0
17656.0,5,1399,1674.69,334.938,0,0,0
17658.0,2,616,595.42,297.71,0,0,0
17659.0,12,1525,2999.46,249.955,0,0,0
17660.0,1,121,178.75,178.75,0,0,0
17663.0,7,797,1802.91,257.55857142857144,0,0,0
17664.0,2,604,604.64,302.32,0,0,0
17666.0,2,596,728.16,364.08,0,0,0
17667.0,5,1033,2055.51,411.10200000000003,0,0,0
17668.0,2,93,347.75,173.875,0,0,0
17669.0,7,1916,3406.7200000000003,486.67428571428576,0,0,0
17670.0,1,110,205.7,205.7,0,0,0
17671.0,4,772,1572.71,393.1775,0,0,0
17672.0,2,1690,3178.17,1589.085,0,0,0
17673.0,6,1462,1594.97,265.8283333333333,0,0,0
17674.0,2,672,551.04,275.52,0,0,0
17675.0,31,8360,20374.28,657.2348387096774,2,0,1
17676.0,6,922,1371.18,228.53,0,0,0
17677.0,30,9772,16345.38,544.846,2,0,1
17678.0,1,207,298.11,298.11,0,0,0
17679.0,2,729,1992.1100000000001,996.0550000000001,0,0,0
17680.0,1,96,184.4,184.4,0,0,0
17682.0,6,1367,2474.33,412.3883333333333,0,0,0
17684.0,1,145,239.41,239.41,0,0,0
17685.0,7,1907,3155.83,450.8328571428571,0,0,0
17686.0,7,2478,5739.46,819.9228571428572,0,0,0
17690.0,15,1769,4726.8,315.12,0,0,0
17691.0,2,134,290.40000000000003,145.20000000000002,0,0,0
17692.0,4,672,740.9399999999999,185.23499999999999,0,0,0
17693.0,1,231,200.47,200.47,0,0,0
17694.0,1,184,283.12,283.12,0,0,0
17695.0,2,779,765.34,382.67,0,0,0
17696.0,8,1756,2285.71,285.71375,0,0,0
17697.0,1,93,338.95,338.95,0,0,0
17698.0,1,93,154.95,154.95,0,0,0
17700.0,4,1266,2534.64,633.66,0,0,0
17701.0,1,109,417.95,417.95,0,0,0
17702.0,4,1353,1824.37,456.0925,0,0,0
17703.0,3,590,798.74,266.24666666666667,0,0,0
17704.0,2,343,885.19,442.595,0,0,0
17705.0,9,963,1823.52,202.61333333333334,0,0,0
17706.0,17,3899,10504.49,617.9111764705882,0,0,0
17707.0,2,144,152.4,76.2,0,0,0
17708.0,2,90,263.33,131.665,0,0,0
17709.0,1,17,137.45,137.45,0,0,0
17711.0,2,246,385.1,192.55,0,0,0
17712.0,1,215,522.91,522.91,0,0,0
17714.0,1,92,153.0,153.0,0,0,0
17715.0,1,384,326.4,326.4,0,0,0
17716.0,11,3072,5655.99,514.180909090909,0,0,0
17718.0,1,83,139.35,139.35,0,0,0
17719.0,15,2466,5396.04,359.736,0,0,0
17720.0,4,576,1195.94,298.985,0,0,0
17722.0,4,1595,2424.04,606.01,0,0,0
17723.0,6,792,3276.4000000000005,546.0666666666667,0,0,0
17724.0,3,300,1033.0,344.3333333333333,0,0,0
17725.0,11,2162,3439.08,312.64363636363635,0,0,0
17727.0,1,645,1060.25,1060.25,0,0,0
17728.0,3,1469,2876.01,958.6700000000001,0,0,0
17730.0,13,3576,5298.4800000000005,407.5753846153847,0,0,0
17731.0,4,493,1240.11,310.0275,0,0,0
17732.0,1,93,303.97,303.97,0,0,0
17733.0,2,463,692.19,346.095,0,0,0
17734.0,3,422,700.63,233.54333333333332,0,0,0
17735.0,19,8439,13110.02,690.001052631579,0,0,0
17736.0,3,238,377.44,125.81333333333333,0,0,0
17737.0,2,108,168.24,84.12,0,0,0
17738.0,4,1029,1879.05,469.7625,0,0,0
17739.0,7,861,2791.35,398.7642857142857,0,0,0
17742.0,2,89,355.11,177.555,0,0,0
17744.0,6,3412,2322.4,387.06666666666666,0,0,0
17746.0,1,29,110.25,110.25,0,0,0
17747.0,1,12,71.4,71.4,0,0,0
17749.0,2,320,674.52,337.26,0,0,0
17750.0,9,3747,1710.45,190.05,0,0,0
17752.0,1,192,80.64,80.64,0,0,0
17754.0,5,1816,1664.65,332.93,0,0,0
17757.0,30,3318,5593.39,186.44633333333334,0,0,0
17758.0,8,2054,3408.2000000000003,426.02500000000003,0,0,0
17759.0,3,697,819.96,273.32,0,0,0
17760.0,2,239,287.59,143.795,0,0,0
17761.0,1,398,712.78,712.78,0,0,0
17763.0,1,12,15.0,15.0,0,0,0
17764.0,2,351,772.55,386.275,0,0,0
17765.0,3,143,367.63,122.54333333333334,0,0,0
17767.0,1,128,271.2,271.2,0,0,0
17768.0,3,1122,2081.9,693.9666666666667,0,0,0
17769.0,10,1850,3957.43,395.743,0,0,0
17770.0,5,365,1143.27,228.654,0,0,0
17771.0,2,287,245.81,122.905,0,0,0
17772.0,2,55,173.45,86.725,0,0,0
17774.0,4,508,1213.73,303.4325,0,0,0
17775.0,1,72,56.4,56.4,0,0,0
17777.0,3,501,647.56,215.85333333333332,0,0,0
17779.0,3,396,650.32,216.77333333333334,0,0,0
17781.0,2,34,188.02,94.01,0,0,0
17783.0,2,354,283.47,141.735,0,0,0
17785.0,1,67,131.94,131.94,0,0,0
17786.0,2,195,266.85,133.425,0,0,0
17787.0,4,896,1817.54,454.385,0,0,0
17788.0,2,211,1117.9,558.95,0,0,0
17789.0,1,74,225.9,225.9,0,0,0
17790.0,14,835,1964.3,140.30714285714285,0,0,0
17791.0,1,46,106.1,106.1,0,0,0
17793.0,1,226,300.34,300.34,0,0,0
17795.0,2,305,342.83,171.415,0,0,0
17796.0,4,176,690.0,172.5,0,0,0
17797.0,3,498,780.43,260.1433333333333,0,0,0
17799.0,10,1753,3039.17,303.91700000000003,0,0,0
17800.0,9,732,1187.21,131.91222222222223,0,0,0
17802.0,3,752,1285.04,428.34666666666664,0,0,0
17805.0,1,478,512.31,512.31,0,0,0
17806.0,1,727,546.04,546.04,0,0,0
17809.0,12,2057,5411.91,450.9925,0,0,0
17811.0,39,4146,7761.82,199.02102564102563,2,0,-1
17812.0,4,329,699.81,174.9525,0,0,0
17813.0,5,752,1698.07,339.614,0,0,0
17816.0,4,30,36.56,9.14,0,0,0
17817.0,3,67,387.68,129.22666666666666,0,0,0
17819.0,7,1031,3704.87,529.2671428571429,0,0,0
17824.0,1,408,298.4,298.4,0,0,0
17827.0,5,1240,1987.33,397.466,0,0,0
17828.0,4,667,1820.09,455.0225,0,0,0
17829.0,1,496,889.24,889.24,0,0,0
17830.0,3,92,398.7,132.9,0,0,0
17831.0,1,12,35.400000000000006,35.400000000000006,0,0,0
17832.0,1,208,155.37,155.37,0,0,0
17835.0,3,344,342.24,114.08,0,0,0
17836.0,1,88,110.21000000000001,110.21000000000001,0,0,0
17837.0,8,510,1541.23,192.65375,0,0,0
17838.0,5,1831,2720.8,544.1600000000001,0,0,0
17839.0,1,257,318.15,318.15,0,0,0
17841.0,124,22834,40519.84,326.77290322580643,2,3,-1
17843.0,1,113,205.48,205.48,0,0,0
17844.0,1,52,51.559999999999995,51.559999999999995,0,0,0
17846.0,1,1,2033.1,2033.1,0,0,0
17848.0,9,398,901.1999999999999,100.13333333333333,0,0,0
17849.0,4,114,605.8000000000001,151.45000000000002,0,0,0
17850.0,34,1733,5391.21,158.565,0,0,-1
17852.0,2,53,114.34,57.17,0,0,0
17854.0,2,84,311.26,155.63,0,0,0
17855.0,1,197,208.97,208.97,0,0,0
17856.0,4,842,1418.03,354.5075,0,0,0
17857.0,23,19256,26879.04,1168.6539130434783,2,3,-1
17858.0,12,2694,5140.66,428.3883333333333,0,0,0
17859.0,1,102,141.92000000000002,141.92000000000002,0,0,0
17860.0,1,93,226.45000000000002,226.45000000000002,0,0,0
17861.0,8,1985,2097.88,262.235,0,0,0
17862.0,1,100,330.9,330.9,0,0,0
17863.0,6,2638,3160.0,526.6666666666666,0,0,0
17864.0,3,706,554.85,184.95000000000002,0,0,0
17865.0,20,5757,10526.32,526.316,0,0,0
17866.0,1,174,329.65,329.65,0,0,0
17867.0,6,508,1157.8700000000001,192.97833333333335,0,0,0
17869.0,5,111,428.18,85.636,0,0,0
17870.0,12,1351,1865.89,155.49083333333334,0,0,0
17871.0,1,182,155.9,155.9,0,0,0
17873.0,5,1035,1848.96,369.79200000000003,0,0,0
17874.0,6,221,683.46,113.91000000000001,0,0,0
17877.0,1,98,237.61,237.61,0,0,0
17878.0,1,401,379.45,379.45,0,0,0
17879.0,1,45,178.51999999999998,178.51999999999998,0,0,0
17880.0,1,314,458.92,458.92,0,0,0
17881.0,1,32,133.35000000000002,133.35000000000002,0,0,0
17883.0,4,374,664.34,166.085,0,0,0
17884.0,4,817,695.0699999999999,173.76749999999998,0,0,0
17885.0,1,110,156.34,156.34,0,0,0
17886.0,3,469,869.28,289.76,0,0,0
17887.0,1,30,111.35,111.35,0,0,0
17888.0,8,973,716.0,89.5,0,0,0
17889.0,2,77,201.37,100.685,0,0,0
17890.0,2,402,586.89,293.445,0,0,0
17891.0,1,393,203.85999999999999,203.85999999999999,0,0,0
17892.0,3,109,244.1,81.36666666666666,0,0,0
17893.0,1,149,107.21,107.21,0,0,0
17894.0,8,404,1118.96,139.87,0,0,0
17895.0,1,127,95.45,95.45,0,0,0
17896.0,1,288,256.32,256.32,0,0,0
17897.0,3,222,541.8100000000001,180.60333333333335,0,0,0
17898.0,2,190,152.06,76.03,0,0,0
17899.0,1,170,154.55,154.55,0,0,0
17900.0,2,73,112.19999999999999,56.099999999999994,0,0,0
17901.0,1,24,110.38,110.38,0,0,0
17904.0,1,59,181.07,181.07,0,0,0
17905.0,4,406,798.99,199.7475,0,0,0
17906.0,1,26,72.9,72.9,0,0,0
17908.0,1,169,232.03,232.03,0,0,0
17911.0,1,223,366.23,366.23,0,0,0
17912.0,5,184,310.06,62.012,0,0,0
17913.0,2,288,408.65,204.325,0,0,0
17914.0,1,457,329.36,329.36,0,0,0
17917.0,3,184,335.03,111.67666666666666,0,0,0
17919.0,1,756,1304.04,1304.04,0,0,0
17920.0,17,2473,4119.5,242.3235294117647,0,0,0
17921.0,4,425,820.23,205.0575,0,0,0
17923.0,1,50,207.50000000000003,207.50000000000003,0,0,0
17924.0,7,1160,2962.5,423.2142857142857,0,0,0
17925.0,1,72,244.08,244.08,0,0,0
17926.0,2,306,397.29,198.645,0,0,0
17928.0,2,140,212.54,106.27,0,0,0
17929.0,4,108,843.0,210.75,0,0,0
17930.0,5,1594,1740.48,348.096,0,0,0
17931.0,2,249,408.36,204.18,0,0,0
17932.0,3,789,1331.57,443.8566666666666,0,0,0
17934.0,2,478,704.25,352.125,0,0,0
17935.0,2,82,145.79,72.895,0,0,0
17936.0,1,257,380.13,380.13,0,0,0
17937.0,7,1754,4301.22,614.46,0,0,0
17939.0,1,40,99.14,99.14,0,0,0
17940.0,10,9323,4020.04,402.004,0,0,-1
17941.0,1,252,304.56,304.56,0,0,0
17942.0,1,38,77.50000000000001,77.50000000000001,0,0,0
17946.0,2,75,149.57999999999998,74.78999999999999,0,0,0
17947.0,1,168,176.68,176.68,0,0,0
17948.0,1,144,358.56000000000006,358.56000000000006,0,0,0
17949.0,45,30546,58510.48,1300.232888888889,2,3,-1
17950.0,3,366,482.2,160.73333333333332,0,0,0
17951.0,3,616,1008.5400000000001,336.18,0,0,0
17954.0,12,2221,2314.13,192.84416666666667,0,0,0
17955.0,4,273,557.3,139.325,0,0,0
17956.0,1,1,12.75,12.75,0,0,0
17957.0,1,287,111.68,111.68,0,0,0
17958.0,1,84,508.4599999999999,508.4599999999999,0,0,0
17960.0,1,41,73.78,73.78,0,0,0
17961.0,39,560,1296.44,33.242051282051285,0,0,-1
17962.0,1,127,102.41,102.41,0,0,0
17964.0,2,294,463.21,231.605,0,0,0
17965.0,14,1532,2599.19,185.65642857142856,0,0,0
17966.0,5,2571,1098.43,219.686,0,0,0
17967.0,1,73,112.27,112.27,0,0,0
17968.0,1,151,265.1,265.1,0,0,0
17969.0,2,152,228.2,114.1,0,0,0
17970.0,1,513,562.79,562.79,0,0,0
17972.0,1,36,135.19,135.19,0,0,0
17973.0,1,176,337.04,337.04,0,0,0
17974.0,3,500,703.99,234.66333333333333,0,0,0
17975.0,13,1565,4483.26,344.86615384615385,0,0,0
17976.0,1,93,321.79,321.79,0,0,0
17977.0,1,342,288.14,288.14,0,0,0
17978.0,1,499,300.91999999999996,300.91999999999996,0,0,0
17979.0,4,383,732.41,183.1025,0,0,0
17980.0,3,682,811.45,270.48333333333335,0,0,0
17984.0,1,98,152.68,152.68,0,0,0
17985.0,1,171,631.35,631.35,0,0,0
17986.0,1,10,20.8,20.8,0,0,0
17987.0,1,261,198.57,198.57,0,0,0
17988.0,7,43,201.12,28.731428571428573,0,0,0
17990.0,3,414,630.84,210.28,0,0,0
17991.0,2,25,93.35,46.675,0,0,0
17994.0,4,495,674.89,168.7225,0,0,0
17995.0,1,133,76.1,76.1,0,0,0
17997.0,8,2273,1962.46,245.3075,0,0,0
17999.0,2,219,380.39,190.195,0,0,0
18001.0,2,362,415.13,207.565,0,0,0
18004.0,1,75,157.92,157.92,0,0,0
18005.0,2,86,226.47,113.235,0,0,0
18006.0,1,220,444.68,444.68,0,0,0
18008.0,9,1581,2116.19,235.13222222222223,0,0,0
18009.0,1,125,247.39,247.39,0,0,0
18010.0,1,60,174.8,174.8,0,0,0
18011.0,1,71,102.78999999999999,102.78999999999999,0,0,0
18013.0,2,285,187.29,93.645,0,0,0
18014.0,1,66,162.22,162.22,0,0,0
18015.0,1,157,120.03,120.03,0,0,0
18016.0,5,1027,1477.66,295.53200000000004,0,0,0
18017.0,3,300,523.0,174.33333333333334,0,0,0
18018.0,2,55,122.14,61.07,0,0,0
18019.0,1,7,38.45,38.45,0,0,0
18022.0,1,703,612.72,612.72,0,0,0
18024.0,2,184,389.78,194.89,0,0,0
18027.0,1,78,115.31,115.31,0,0,0
18030.0,2,67,230.64999999999998,115.32499999999999,0,0,0
18032.0,1,42,73.5,73.5,0,0,0
18033.0,1,252,93.82000000000001,93.82000000000001,0,0,0
18034.0,2,559,418.68,209.34,0,0,0
18035.0,3,584,713.89,237.96333333333334,0,0,0
18036.0,3,232,403.12,134.37333333333333,0,0,0
18037.0,6,20,70.02,11.67,0,0,0
18040.0,2,148,357.20000000000005,178.60000000000002,0,0,0
18041.0,21,3758,4097.37,195.11285714285714,0,0,0
18042.0,1,33,165.04999999999998,165.04999999999998,0,0,0
18043.0,3,265,529.29,176.42999999999998,0,0,0
18044.0,10,1033,2088.6,208.85999999999999,0,0,0
18045.0,1,138,178.34,178.34,0,0,0
18048.0,2,127,172.29000000000002,86.14500000000001,0,0,0
18050.0,1,40,74.4,74.4,0,0,0
18053.0,1,302,300.02,300.02,0,0,0
18055.0,10,2452,6761.34,676.134,0,0,0
18056.0,1,211,363.65,363.65,0,0,0
18058.0,1,88,170.16,170.16,0,0,0
18059.0,3,258,306.46,102.15333333333332,0,0,0
18061.0,10,955,2119.41,211.94099999999997,0,0,0
18062.0,3,396,720.52,240.17333333333332,0,0,0
18064.0,2,384,814.0,407.0,0,0,0
18065.0,14,1027,2392.83,170.91642857142855,0,0,0
18066.0,1,108,318.0,318.0,0,0,0
18067.0,1,189,396.33,396.33,0,0,0
18068.0,1,6,101.69999999999999,101.69999999999999,0,0,0
18069.0,5,1296,2009.24,401.848,0,0,0
18071.0,2,260,453.0,226.5,0,0,0
18072.0,1,288,247.44,247.44,0,0,0
18073.0,12,3102,3859.82,321.6516666666667,0,0,0
18074.0,1,190,489.6,489.6,0,0,0
18075.0,10,1464,2611.75,261.175,0,0,0
18077.0,11,1839,2584.41,234.94636363636363,0,0,0
18078.0,2,145,336.13,168.065,0,0,0
18079.0,4,7347,3613.15,903.2875,0,0,0
18080.0,2,642,1231.5,615.75,0,0,0
18081.0,3,195,343.45,114.48333333333333,0,0,0
18082.0,1,608,680.84,680.84,0,0,0
18084.0,1,312,90.47999999999999,90.47999999999999,0,0,0
18085.0,2,265,689.95,344.975,0,0,0
18086.0,1,106,101.34,101.34,0,0,0
18087.0,2,3907,4055.7199999999993,2027.8599999999997,0,0,0
18088.0,1,107,166.03,166.03,0,0,0
18092.0,11,4252,9068.26,824.3872727272727,0,0,0
18093.0,4,1392,2106.52,526.63,0,0,0
18094.0,7,2518,3017.3,431.04285714285714,0,0,0
18095.0,2,419,580.0500000000001,290.02500000000003,0,0,0
18096.0,3,788,849.06,283.02,0,0,0
18097.0,6,1662,2662.4,443.73333333333335,0,0,0
18099.0,1,149,168.31,168.31,0,0,0
18101.0,2,87,222.4,111.2,0,0,0
18102.0,60,64124,259657.3,4327.621666666667,3,1,-1
18104.0,1,362,754.64,754.64,0,0,0
18105.0,1,46,113.48000000000002,113.48000000000002,0,0,0
18106.0,1,126,421.9,421.9,0,0,0
18108.0,1,84,271.0,271.0,0,0,0
18109.0,26,4230,8004.92,307.88153846153847,0,0,0
18110.0,1,72,198.8,198.8,0,0,0
18112.0,2,255,352.69,176.345,0,0,0
18113.0,1,72,76.32000000000001,76.32000000000001,0,0,0
18114.0,1,55,220.1,220.1,0,0,0
18116.0,8,837,1403.1100000000001,175.38875000000002,0,0,0
18117.0,1,605,315.65,315.65,0,0,0
18118.0,26,2865,5625.08,216.34923076923076,0,0,0
18119.0,1,124,180.7,180.7,0,0,0
18120.0,1,31,111.15,111.15,0,0,0
18121.0,2,438,653.3,326.65,0,0,0
18122.0,6,1225,1793.06,298.8433333333333,0,0,0
18123.0,2,582,574.4399999999999,287.21999999999997,0,0,0
18125.0,4,800,1131.75,282.9375,0,0,0
18126.0,1,135,200.92000000000002,200.92000000000002,0,0,0
18127.0,3,187,347.08,115.69333333333333,0,0,0
18129.0,1,48,112.55000000000001,112.55000000000001,0,0,0
18130.0,3,824,1059.39,353.13000000000005,0,0,0
18133.0,1,1350,931.4999999999999,931.4999999999999,0,0,0
18135.0,5,349,681.9100000000001,136.382,0,0,0
18136.0,3,379,784.33,261.4433333333333,0,0,0
18138.0,1,38,152.65,152.65,0,0,0
18139.0,6,5557,8438.34,1406.39,0,0,0
18142.0,2,1276,1019.52,509.76,0,0,0
18143.0,2,570,1000.16,500.08,0,0,0
18144.0,12,1343,2888.75,240.72916666666666,0,0,0
18145.0,4,2625,2861.55,715.3875,0,0,0
18146.0,2,153,160.35000000000002,80.17500000000001,0,0,0
18147.0,2,203,179.33999999999997,89.66999999999999,0,0,0
18149.0,3,310,612.0799999999999,204.02666666666664,0,0,0
18150.0,3,332,566.58,188.86,0,0,0
18151.0,2,355,653.35,326.675,0,0,0
18154.0,2,255,399.19,199.595,0,0,0
18155.0,3,266,371.62,123.87333333333333,0,0,0
18156.0,2,283,675.64,337.82,0,0,0
18158.0,2,354,453.4,226.7,0,0,0
18159.0,1,139,530.15,530.15,0,0,0
18160.0,2,294,638.0600000000001,319.03000000000003,0,0,0
18161.0,5,812,1618.69,323.738,0,0,0
18164.0,1,184,399.65000000000003,399.65000000000003,0,0,0
18165.0,1,254,302.46000000000004,302.46000000000004,0,0,0
18167.0,3,382,1384.8600000000001,461.62000000000006,0,0,0
18168.0,6,592,1160.04,193.34,0,0,0
18169.0,1,61,202.65,202.65,0,0,0
18170.0,3,409,980.31,326.77,0,0,0
18171.0,5,481,1231.31,246.262,0,0,0
18172.0,20,3184,7561.68,378.084,0,0,0
18173.0,4,1220,2106.84,526.71,0,0,0
18174.0,1,50,104.0,104.0,0,0,0
18176.0,1,283,476.35,476.35,0,0,0
18177.0,6,709,1340.8700000000001,223.47833333333335,0,0,0
18178.0,4,983,1590.81,397.7025,0,0,0
18179.0,6,1360,1793.17,298.8616666666667,0,0,0
18180.0,6,1721,1843.75,307.2916666666667,0,0,0
18181.0,1,133,366.85,366.85,0,0,0
18183.0,2,371,632.07,316.035,0,0,0
18184.0,1,60,49.8,49.8,0,0,0
18185.0,1,183,304.25,304.25,0,0,0
18188.0,3,1168,2001.04,667.0133333333333,0,0,0
18189.0,2,566,1090.24,545.12,0,0,0
18190.0,2,140,284.46000000000004,142.23000000000002,0,0,0
18191.0,1,140,207.79999999999998,207.79999999999998,0,0,0
18192.0,1,339,957.97,957.97,0,0,0
18193.0,1,124,243.76,243.76,0,0,0
18194.0,1,632,973.8399999999999,973.8399999999999,0,0,0
18196.0,2,431,686.63,343.315,0,0,0
18198.0,17,4074,5425.56,319.15058823529415,0,0,0
18200.0,1,104,150.35,150.35,0,0,0
18202.0,3,581,1396.99,465.66333333333336,0,0,0
18203.0,1,43,160.42000000000002,160.42000000000002,0,0,0
18204.0,3,1190,1975.35,658.4499999999999,0,0,0
18205.0,2,192,517.36,258.68,0,0,0
18209.0,1,58,139.10000000000002,139.10000000000002,0,0,0
18210.0,6,1398,2621.38,436.8966666666667,0,0,0
18211.0,5,359,600.07,120.01400000000001,0,0,0
18212.0,1,92,216.07,216.07,0,0,0
18213.0,1,232,232.48000000000002,232.48000000000002,0,0,0
18215.0,1,118,299.34000000000003,299.34000000000003,0,0,0
18216.0,1,200,481.75,481.75,0,0,0
18217.0,2,491,621.75,310.875,0,0,0
18218.0,2,536,641.92,320.96,0,0,0
18219.0,10,885,2069.77,206.977,0,0,0
18220.0,1,288,305.28000000000003,305.28000000000003,0,0,0
18221.0,5,791,1041.61,208.32199999999997,0,0,0
18222.0,1,335,443.0,443.0,0,0,0
18223.0,14,2948,6484.54,463.18142857142857,0,0,0
18224.0,1,69,158.95000000000002,158.95000000000002,0,0,0
18225.0,12,3242,5504.96,458.74666666666667,0,0,0
18226.0,11,3466,5228.05,475.27727272727276,0,0,0
18227.0,1,21,93.75,93.75,0,0,0
18228.0,2,238,779.9,389.95,0,0,0
18229.0,20,2488,7276.900000000001,363.845,0,0,0
18230.0,7,1316,2810.2000000000003,401.4571428571429,0,0,0
18231.0,5,819,2071.77,414.354,0,0,0
18232.0,4,302,592.97,148.2425,0,0,0
18233.0,1,4,440.0,440.0,0,0,0
18235.0,3,1578,1796.48,598.8266666666667,0,0,0
18236.0,6,403,882.24,147.04,0,0,0
18237.0,5,622,987.1,197.42000000000002,0,0,0
18239.0,5,795,1561.6100000000001,312.322,0,0,0
18240.0,1,126,422.58,422.58,0,0,0
18241.0,17,1051,2073.09,121.9464705882353,0,0,0
18242.0,4,1017,2232.4900000000002,558.1225000000001,0,0,0
18245.0,7,1788,2567.06,366.72285714285715,0,0,0
18246.0,2,166,596.1,298.05,0,0,0
18248.0,2,511,804.02,402.01,0,0,0
18249.0,1,128,95.34,95.34,0,0,0
18250.0,1,199,349.27,349.27,0,0,0
18251.0,1,7824,4314.72,4314.72,0,0,-1
18252.0,2,234,518.27,259.135,0,0,0
18255.0,1,74,103.3,103.3,0,0,0
18257.0,8,1041,2337.63,292.20375,0,0,0
18259.0,3,714,2338.6000000000004,779.5333333333334,0,0,0
18260.0,6,1475,2628.35,438.05833333333334,0,0,0
18261.0,2,146,324.24,162.12,0,0,0
18262.0,1,182,149.48,149.48,0,0,0
18263.0,3,1468,1213.1599999999999,404.3866666666666,0,0,0
18265.0,2,311,801.51,400.755,0,0,0
18268.0,1,2,25.5,25.5,0,0,0
18269.0,1,76,168.6,168.6,0,0,0
18270.0,2,101,283.15,141.575,0,0,0
18272.0,6,2050,3078.58,513.0966666666667,0,0,0
18273.0,3,80,204.0,68.0,0,0,0
18274.0,1,88,175.92,175.92,0,0,0
18276.0,1,186,335.86,335.86,0,0,0
18277.0,1,68,110.38,110.38,0,0,0
18278.0,1,66,173.9,173.9,0,0,0
18280.0,1,45,180.60000000000002,180.60000000000002,0,0,0
18281.0,1,54,80.82,80.82,0,0,0
18282.0,2,103,178.05,89.025,0,0,0
18283.0,16,1357,2045.53,127.845625,0,0,0
18287.0,3,1586,1837.28,612.4266666666666,0,0,0
